ds,y,yhat,yhat_lower,yhat_upper,is_anomaly,severity
2020-01-01,3.148975,1.7644411542014373,-6.368065804563827,9.847390896524558,False,0.0
2020-01-02,1.8784313,1.7867946511257466,-7.312249950437685,10.16317410680331,False,0.0
2020-01-03,1.9162589,1.8094293952029055,-7.237745572354742,10.60813576431799,False,0.0
2020-01-04,0.27835953,1.8324700059737613,-6.97703661258216,10.793728323951962,False,0.0
2020-01-05,0.15383667,1.8560764090087882,-6.89231840438521,9.950388659552313,False,0.0
2020-01-06,0.10997289,1.8804327412116426,-6.281078125985909,10.747216278786924,False,0.0
2020-01-07,0.91999435,1.9057347403340614,-6.613611769104176,10.957152676382792,False,0.0
2020-01-08,2.0723062,1.9321761291469137,-7.306053940656969,11.174320768967533,False,0.0
2020-01-09,2.4121792,1.9599345498137821,-6.660590424933751,11.360875802693787,False,0.0
2020-01-10,0.4687773,1.9891576295435596,-6.630862822767841,11.081811333448398,False,0.0
2020-01-11,0.46178988,2.019949763493343,-6.9379848261815384,11.208304473489337,False,0.0
2020-01-12,0.032564417,2.052360184805864,-7.080412759816322,10.55925104085982,False,0.0
2020-01-13,0.06603268,2.086372854941274,-6.243091992914912,11.059718460078704,False,0.0
2020-01-14,0.6269605,2.121898651140921,-6.386268033994238,10.62990344137307,False,0.0
2020-01-15,0.036443274,2.1587702536509683,-6.243278503845434,11.078649031440813,False,0.0
2020-01-16,0.47191843,2.1967400455462274,-6.348870303141748,11.173032930963998,False,0.0
2020-01-17,1.5331073,2.2354812355178,-7.1452840052158555,11.59133928821215,False,0.0
2020-01-18,1.513996,2.2745923020969863,-6.9993657068494874,11.311747635518103,False,0.0
2020-01-19,0.8129661,2.313604740207876,-6.341375319924455,10.966144609141633,False,0.0
2020-01-20,1.2286278,2.3519939715094127,-5.779083455156173,11.282855427810443,False,0.0
2020-01-21,4.0908756,2.3891931627578518,-6.560185805569756,11.249364984744012,False,0.0
2020-01-22,7.8225675,2.424609585347117,-6.334218915927886,11.144550008207755,False,0.0
2020-01-23,3.7082906,2.4576430481145484,-6.0695234626979655,11.347449647442248,False,0.0
2020-01-24,0.90801555,2.4877058479842673,-6.180210642828959,10.858169781164108,False,0.0
2020-01-25,1.3992528,2.5142436122044995,-6.158682995322431,11.467615328034318,False,0.0
2020-01-26,2.6903708,2.536756354498844,-6.018211896251062,11.05984236873782,False,0.0
2020-01-27,1.8318706,2.5548190374288446,-6.056303697856343,10.62849018932273,False,0.0
2020-01-28,2.0140107,2.5681009260701444,-6.206944182357191,11.199463829876837,False,0.0
2020-01-29,2.0108593,2.576383034395162,-6.293169014806796,11.862423212633542,False,0.0
2020-01-30,2.7771895,2.5795730054690442,-6.280025658235129,11.202514483764618,False,0.0
2020-01-31,0.64385897,2.577716828848875,-5.435302800161976,11.152673700159847,False,0.0
2020-02-01,6.2156506,2.5710068818753435,-5.6490082200552445,11.592619949679275,False,0.0
2020-02-02,3.8726544,2.559785883561896,-5.894246614487978,11.367406452200681,False,0.0
2020-02-03,8.260519,2.544546467633028,-6.094410466751472,11.446963816453813,False,0.0
2020-02-04,3.2808974,2.5259262114484424,-5.711709361086047,11.455066358191416,False,0.0
2020-02-05,1.2688022,2.5046980961934473,-6.715622827841143,11.481507620797665,False,0.0
2020-02-06,2.8293817,2.4817565165327284,-6.371358036380614,11.192759425933472,False,0.0
2020-02-07,1.6096234,2.4580991005105015,-5.760089758101478,11.613121390920439,False,0.0
2020-02-08,0.5407363,2.4348047382837126,-6.034989234214206,11.252549379538394,False,0.0
2020-02-09,0.54571533,2.4130083468837817,-6.307291179898588,11.513557550857097,False,0.0
2020-02-10,2.044638,2.3938730133864294,-6.183159457504826,11.191464245061441,False,0.0
2020-02-11,2.2970152,2.378560256768603,-6.095919122803337,11.218838278280645,False,0.0
2020-02-12,2.8010852,2.3681992259395037,-6.255064072487266,10.614067513218798,False,0.0
2020-02-13,8.715434,2.3638557051676816,-6.1203650312414455,11.33128902437962,False,0.0
2020-02-14,2.7931187,2.366501826261654,-6.510082265843646,11.411931970428194,False,0.0
2020-02-15,0.55280066,2.3769873880511185,-6.2012049116569745,11.223396100611202,False,0.0
2020-02-16,2.8948638,2.396013657408063,-6.347811946842558,11.324650128636446,False,0.0
2020-02-17,1.4780059,2.424110472560562,-6.1727898130037735,10.943511843832773,False,0.0
2020-02-18,1.4452752,2.4616173899273557,-6.345415905065792,11.251025345572343,False,0.0
2020-02-19,1.8534372,2.5086695120962417,-6.551575988126307,10.638774534267538,False,0.0
2020-02-20,9.429763,2.565188509647337,-6.0557483485814645,11.020929697998149,False,0.0
2020-02-21,3.742491,2.6308792066970685,-6.413045774066796,11.939575246095375,False,0.0
2020-02-22,1.3484339,2.705231943373606,-6.277917344548683,11.032116727626283,False,0.0
2020-02-23,1.6218967,2.7875307624492014,-5.606733677416777,11.599758506141095,False,0.0
2020-02-24,2.176623,2.8768672969231353,-5.964831537430763,11.341620221859841,False,0.0
2020-02-25,1.5901735,2.972160065594741,-5.70346802998225,12.38552941541417,False,0.0
2020-02-26,1.3527251,3.0721787197066166,-5.064921206201371,11.830857368176002,False,0.0
2020-02-27,0.80659825,3.175572630658931,-5.154584680589461,11.896025270970348,False,0.0
2020-02-28,1.381867,3.2809030713828,-5.165136103681659,12.030159793073778,False,0.0
2020-02-29,2.1039255,3.3866781266014208,-5.108522716383023,11.894598276869006,False,0.0
2020-03-01,2.033821,3.4913893737970665,-5.633240525099,11.928612739686342,False,0.0
2020-03-02,0.80781305,3.5935493103689193,-5.830762493718787,11.850020903914503,False,0.0
2020-03-03,2.2010791,3.691728465682958,-4.879546912558896,12.149852366297953,False,0.0
2020-03-04,4.8039227,3.7845911310131157,-5.19199616564281,12.267485461426254,False,0.0
2020-03-05,1.2392633,3.8709286663808804,-4.130890277197679,12.292832673732967,False,0.0
2020-03-06,0.9936518,3.9496893975828784,-4.551716262719638,12.065227967487386,False,0.0
2020-03-07,2.27643,4.02000422339046,-4.664830144906825,12.94154444284587,False,0.0
2020-03-08,0.08996263,4.081207120804027,-4.909251083154561,12.568697507384707,False,0.0
2020-03-09,0.47727722,4.132849940418785,-3.877586988684336,12.890258071632728,False,0.0
2020-03-10,0.97087026,4.174710997881748,-4.591374597977704,12.939696400393352,False,0.0
2020-03-11,3.123327,4.206797164723051,-4.161972383126328,12.684169993509155,False,0.0
2020-03-12,8.419303,4.229339348324062,-4.53204837453677,12.839587975104022,False,0.0
2020-03-13,1.2768523,4.2427814464340505,-4.4978614775933705,13.475362808751301,False,0.0
2020-03-14,2.626127,4.247763057465809,-4.957721005609472,13.134491718660264,False,0.0
2020-03-15,17.669586,4.245096417977796,-4.377190294910289,11.954431581390207,True,5.715154418609792
2020-03-16,11.394423,4.23573821749781,-3.8540218196962863,13.087245919083257,False,0.0
2020-03-17,6.6084933,4.2207571026673065,-4.4524618518540695,13.00126218487854,False,0.0
2020-03-18,10.085409,4.201297822504609,-4.8447004276411185,12.525755233395593,False,0.0
2020-03-19,4.794821,4.178543079909598,-4.463528325265739,12.775861576634838,False,0.0
2020-03-20,1.920091,4.153674237600909,-5.26542487156093,12.66714709117519,False,0.0
2020-03-21,0.69361615,4.1278320765613445,-4.370161838254754,12.919963406557253,False,0.0
2020-03-22,1.0290197,4.10207881981265,-4.343271268813077,12.45106460272825,False,0.0
2020-03-23,3.9604933,4.0773626129762714,-4.6656433848211645,12.647995777531202,False,0.0
2020-03-24,3.4907122,4.054485595725653,-4.677310755385147,12.60096732371977,False,0.0
2020-03-25,4.893392,4.034076606051072,-4.115446327623868,13.30091309717877,False,0.0
2020-03-26,1.7151966,4.016569434479963,-4.414085460393781,12.73209718735594,False,0.0
2020-03-27,1.8186834,4.0021873912371575,-4.199619821555087,13.413474524554177,False,0.0
2020-03-28,2.9109378,3.9909347699197113,-5.083563256449721,12.96524683620379,False,0.0
2020-03-29,14.321538,3.9825955915448032,-5.677189040951407,13.252921034851504,True,1.0686169651484967
2020-03-30,5.6675873,3.976739798412417,-4.3577490508318615,12.058862428172962,False,0.0
2020-03-31,3.3607259,3.9727368442245394,-4.859609649486906,12.339425525585717,False,0.0
2020-04-01,3.1937175,3.969776401781198,-4.79017578837116,13.015232514725499,False,0.0
2020-04-02,2.7584944,3.966895688947602,-4.49859866576331,13.018759293165198,False,0.0
2020-04-03,6.4886947,3.9630127040220993,-4.757240056617583,12.7007221800034,False,0.0
2020-04-04,2.52391,3.956964469487081,-4.065587703054811,12.45890227332772,False,0.0
2020-04-05,1.8201964,3.9475492143093045,-4.542469842308052,12.546092398869517,False,0.0
2020-04-06,1.6657329,3.9335712847980178,-4.995574350982088,13.044895539373389,False,0.0
2020-04-07,1.6957766,3.913887467095127,-5.068282747904033,12.867451955075618,False,0.0
2020-04-08,0.1650855,3.8874533343092352,-4.22301245039817,12.613148826101746,False,0.0
2020-04-09,0.17049511,3.85336820075657,-4.868485959191163,12.665825025420776,False,0.0
2020-04-10,2.6461036,3.8109172762505326,-4.914837486061925,12.48136142073242,False,0.0
2020-04-11,1.8972456,3.759609665229038,-5.740320494138472,12.699460257965232,False,0.0
2020-04-12,2.352429,3.6992109478941044,-5.447934595231571,11.985967793684408,False,0.0
2020-04-13,0.36285692,3.6297692114044726,-4.997147068294079,12.979658098351281,False,0.0
2020-04-14,0.66836673,3.5516335653395807,-5.019745286830694,12.385520219354717,False,0.0
2020-04-15,1.7347922,3.465464372897655,-5.012035206071902,12.238061704257106,False,0.0
2020-04-16,26.356714,3.372234652402612,-4.914152458912667,12.927142448057952,True,13.429571551942049
2020-04-17,5.1155252,3.273222346642552,-5.979044864725425,12.2572483615201,False,0.0
2020-04-18,9.969225,3.169993413696308,-5.999167118811955,12.151614935453711,False,0.0
2020-04-19,3.5781016,3.0643759550597016,-5.817539970671934,11.003291413992319,False,0.0
2020-04-20,6.691995,2.958425857665451,-6.085418456310039,12.8421993624206,False,0.0
2020-04-21,6.5616093,2.854384678305401,-5.894987202839717,11.79145496237887,False,0.0
2020-04-22,5.758416,2.7546307347151906,-6.527412039190282,11.374447861506848,False,0.0
2020-04-23,4.514651,2.6616245802031075,-5.786169113935855,11.854618848282959,False,0.0
2020-04-24,3.1913939,2.5778502217840757,-5.817540843357974,10.823547213443003,False,0.0
2020-04-25,5.690485,2.5057535897420316,-6.482448627292964,10.667687294181421,False,0.0
2020-04-26,15.516026,2.447679874618103,-6.115032256966199,11.12182114088209,True,4.3942048591179095
2020-04-27,3.0388668,2.405811412234265,-5.655575443903977,11.029314573398999,False,0.0
2020-04-28,0.86146593,2.3821078159999023,-7.310808656413507,11.000371462191065,False,0.0
2020-04-29,0.67994624,2.3782500273184244,-7.326711118302092,10.87233486902832,False,0.0
2020-04-30,8.178184,2.3955898794504096,-6.052477900826145,11.075628091374568,False,0.0
2020-05-01,3.5351722,2.435106649251161,-6.320437409441345,10.54694205745117,False,0.0
2020-05-02,1.0978122,2.497371907496238,-5.873927689872262,11.124634107043322,False,0.0
2020-05-03,0.9115136,2.5825237760539443,-6.724753952122011,11.398209383025197,False,0.0
2020-05-04,0.906811,2.6902514641011694,-5.853450892275078,12.451350462032835,False,0.0
2020-05-05,1.8562227,2.8197906920305553,-5.783456185072731,11.29308035145795,False,0.0
2020-05-06,2.1583142,2.969930327645536,-5.85686850235638,12.081824592738302,False,0.0
2020-05-07,0.5550235,3.1390302623105057,-5.703174600589679,12.053479571800345,False,0.0
2020-05-08,0.04175537,3.3250502529930523,-5.495420371140205,11.767360327811772,False,0.0
2020-05-09,3.2593775,3.525589157872805,-5.489225523062435,12.813997541523008,False,0.0
2020-05-10,2.1300836,3.737933704358212,-5.406923263313777,12.120886062817664,False,0.0
2020-05-11,2.1577742,3.9591156756245747,-5.689693638534654,13.098328009102442,False,0.0
2020-05-12,4.699566,4.185976127525261,-4.1760523343018345,12.351780129713907,False,0.0
2020-05-13,4.151823,4.415235089163582,-4.23483731801904,13.114609397708557,False,0.0
2020-05-14,4.643396,4.643565000632008,-3.9489766244382065,13.904196586650714,False,0.0
2020-05-15,6.280533,4.86766603570537,-3.7861195368538803,13.559011295647625,False,0.0
2020-05-16,4.6992207,5.084341384131533,-2.6178607916688184,13.746387044635508,False,0.0
2020-05-17,2.2435145,5.2905705486930295,-3.5910446557016553,13.854944019663746,False,0.0
2020-05-18,3.1804724,5.483578745069859,-4.0285096968347665,14.222458373156268,False,0.0
2020-05-19,2.901165,5.660900577274313,-2.524767052152751,14.525509343571418,False,0.0
2020-05-20,7.2533493,5.820436296248344,-2.881394860452003,15.138996837651458,False,0.0
2020-05-21,3.8034701,5.960499130824223,-3.1384166533814315,14.437791512639805,False,0.0
2020-05-22,3.371805,6.079852404086335,-2.628368554648648,14.833203575165243,False,0.0
2020-05-23,16.887434,6.177735408490378,-1.9966674772524846,14.527431205538049,True,2.36000279446195
2020-05-24,16.182945,6.253877303086837,-2.8719991321161302,15.555742559886024,True,0.627202440113976
2020-05-25,19.275059,6.308498608178608,-2.489959076986323,14.66886392222973,True,4.606195077770268
2020-05-26,1.7323261,6.342300198394972,-1.5933664917695376,15.583219175247748,False,0.0
2020-05-27,1.1525483,6.35644002574364,-2.7817450204465235,14.868659273466562,False,0.0
2020-05-28,2.7549846,6.352498130755089,-2.164158722730402,15.434828519852438,False,0.0
2020-05-29,8.475519,6.332430813457677,-2.151842816648006,14.199080500011526,False,0.0
2020-05-30,15.332399,6.298515128055756,-2.1687951650167387,15.208837269795934,True,0.12356173020406658
2020-05-31,3.648682,6.253285127751399,-2.1546210136603783,15.199008594942523,False,0.0
2020-06-01,1.6531233,6.1994615118947465,-2.2737039266257453,14.870373564873628,False,0.0
2020-06-02,2.9431396,6.139876510231641,-1.6792223060837856,14.712725774093963,False,0.0
2020-06-03,1.8777695,6.077395973297515,-2.0514311894840285,14.682121860238793,False,0.0
2020-06-04,2.3526192,6.014840720094055,-3.0470667483419094,14.780525378994511,False,0.0
2020-06-05,3.685034,5.954909221633023,-2.508253400928903,14.428894636119244,False,0.0
2020-06-06,4.884518,5.900103670755557,-3.3782358239805816,15.274084374442173,False,0.0
2020-06-07,29.822453,5.852661405356275,-2.687415849769123,15.163912760316466,True,14.658540239683534
2020-06-08,17.014162,5.814493515825804,-2.7801696505123794,14.62931396545176,True,2.3848480345482397
2020-06-09,5.656591,5.787132281628736,-2.284759823044105,13.672452439700251,False,0.0
2020-06-10,9.164076,5.771688851354156,-2.678361590008858,14.882952753813468,False,0.0
2020-06-11,3.85554,5.768822311359495,-2.634863595947707,14.118513334191798,False,0.0
2020-06-12,2.701166,5.778720987472523,-3.044181877732964,14.306088987799962,False,0.0
2020-06-13,3.666482,5.801096500133579,-2.806360067308435,14.51257190649415,False,0.0
2020-06-14,8.652483,5.8351907545524355,-2.826204184372577,14.406775197270237,False,0.0
2020-06-15,8.721141,5.879795703042598,-2.5671652451831646,14.272883089092668,False,0.0
2020-06-16,6.2806053,5.933285375953585,-2.570181496533605,15.032631063500588,False,0.0
2020-06-17,8.07851,5.993659349773177,-2.8864969165655014,14.421308616834972,False,0.0
2020-06-18,2.5903907,6.058596514867984,-2.2905135867217785,14.542120218522697,False,0.0
2020-06-19,35.4525,6.1255177292739855,-2.6311061573958385,14.673963563911233,True,20.778536436088768
2020-06-20,4.734009,6.191655706421344,-2.419075873382903,14.682880548967375,False,0.0
2020-06-21,4.572439,6.254130290152743,-2.257407060908845,15.258279128737273,False,0.0
2020-06-22,0.088893704,6.310027125146477,-2.2997562253980766,15.680337955157007,False,0.0
2020-06-23,1.3230987,6.356477638836519,-2.005535702674893,14.446119655364496,False,0.0
2020-06-24,2.022849,6.390738214631352,-2.514671360532923,14.449101523680381,False,0.0
2020-06-25,1.913322,6.410266456650161,-2.0816318936886145,15.589220591655318,False,0.0
2020-06-26,4.6643834,6.4127925227629685,-2.375034183139737,15.301224229096663,False,0.0
2020-06-27,2.9307256,6.396383633378615,-1.6841354161169875,14.764749916166464,False,0.0
2020-06-28,9.209504,6.359500044586326,-1.7461954868464182,15.536306429674449,False,0.0
2020-06-29,2.8291502,6.30104100103776,-3.0257807998242496,14.990207378367204,False,0.0
2020-06-30,2.2112396,6.220379450176827,-2.0520557753492095,15.202041001707986,False,0.0
2020-07-01,7.2034945,6.11738459788368,-2.2328531159271727,14.993590405584515,False,0.0
2020-07-02,1.6013347,5.992431708186519,-2.8531470635772394,14.801942536460254,False,0.0
2020-07-03,2.4517548,5.846398887718156,-3.1700520216051045,14.30184585084282,False,0.0
2020-07-04,0.017980456,5.680650939868356,-3.116517677172871,14.615915017770277,False,0.0
2020-07-05,13.408245,5.497010714876067,-3.0871599034834594,13.97991870680033,False,0.0
2020-07-06,14.260868,5.297718711193193,-2.6655400852552074,13.883502185136276,True,0.3773658148637242
2020-07-07,1.5751387,5.085381991520385,-4.047778665607444,13.779185752366608,False,0.0
2020-07-08,1.5890698,4.86291375572161,-3.8326648352139125,13.264048280574297,False,0.0
2020-07-09,3.8877292,4.633465154948582,-3.8211791349956705,12.847204502663773,False,0.0
2020-07-10,1.9940414,4.400351130371798,-4.395992611408896,13.010482560049573,False,0.0
2020-07-11,3.5510058,4.166972210645668,-4.789050174648489,13.259022786510723,False,0.0
2020-07-12,3.6661975,3.9367343008709414,-4.335502196668221,12.888609690831865,False,0.0
2020-07-13,0.21677311,3.7129685409948423,-4.682383645706306,12.218607591432788,False,0.0
2020-07-14,0.6679532,3.498853292715829,-5.700700787182991,12.571865952001307,False,0.0
2020-07-15,0.58303493,3.2973402657191326,-5.188592144957615,12.46765952532202,False,0.0
2020-07-16,3.0599508,3.1110866501414254,-4.862769497952943,11.634587481350339,False,0.0
2020-07-17,8.850483,2.9423949715745237,-5.6451769559375675,11.683707907259155,False,0.0
2020-07-18,13.722643,2.7931621640245194,-6.454254556967495,10.736853526434908,True,2.9857894735650916
2020-07-19,3.3771021,2.664839105327247,-6.044454360198341,11.471599537738735,False,0.0
2020-07-20,4.958807,2.5584015757897025,-6.351591164336684,10.91120288438508,False,0.0
2020-07-21,0.23791218,2.474333293379003,-5.9240806793501495,11.307971491442911,False,0.0
2020-07-22,0.013899472,2.4126213560813907,-6.281682742046426,11.42396561657731,False,0.0
2020-07-23,0.5699926,2.3727640928986222,-5.933109821813115,11.078974079895527,False,0.0
2020-07-24,0.93960166,2.353790998322278,-6.633604040523393,10.803430985988358,False,0.0
2020-07-25,2.4403267,2.354294109799397,-6.374355143399984,10.867352494383113,False,0.0
2020-07-26,4.4832067,2.3724698921780027,-5.88258139326967,11.306119901905918,False,0.0
2020-07-27,0.55237347,2.406170425211093,-6.576233730405787,11.173237231280428,False,0.0
2020-07-28,0.94852763,2.4529624569794435,-6.154341733211478,11.024106861706088,False,0.0
2020-07-29,4.7355785,2.5101926935819328,-6.278435913782435,11.005704947756849,False,0.0
2020-07-30,0.603313,2.5750575485353555,-6.0477912930132165,11.778468833878561,False,0.0
2020-07-31,5.1176457,2.6446754776310923,-6.67625821574304,11.069239678513181,False,0.0
2020-08-01,5.252026,2.716159978705601,-6.353212429691556,11.839309385452335,False,0.0
2020-08-02,2.679214,2.7866913417041457,-6.283505354705101,11.560791132781524,False,0.0
2020-08-03,0.34586588,2.8535852918924056,-6.24617670791718,11.624237145376819,False,0.0
2020-08-04,1.1890479,2.914356776048098,-5.767244172226575,12.088230847350871,False,0.0
2020-08-05,1.2800843,2.9667772945176085,-5.697593736401238,11.744668395596387,False,0.0
2020-08-06,1.2554752,3.0089243765145586,-6.080352861053685,11.565564088374858,False,0.0
2020-08-07,0.79522866,3.0392220262383742,-6.066548244980358,11.158576972202383,False,0.0
2020-08-08,2.6146555,3.056471226578196,-5.977700403728266,11.359072041370348,False,0.0
2020-08-09,3.791947,3.0598698679834397,-5.536826688961721,11.585105256307978,False,0.0
2020-08-10,1.1601796,3.0490217645286015,-5.247296894535792,12.310011646141252,False,0.0
2020-08-11,1.2306625,3.0239347190722774,-5.780161732408782,11.227643334961286,False,0.0
2020-08-12,3.1680412,2.985007896375731,-5.809568363737413,11.431019179958671,False,0.0
2020-08-13,6.44087,2.933009048971116,-5.57713637277235,11.551829953675794,False,0.0
2020-08-14,1.638084,2.8690424076802565,-6.2489170468075494,11.37648499957553,False,0.0
2020-08-15,0.8595189,2.7945082898519056,-6.4628186429878545,11.73716477426295,False,0.0
2020-08-16,2.8582513,2.711055687226385,-5.515781131618472,11.581931431090931,False,0.0
2020-08-17,1.3308806,2.620529266477948,-5.509512683733249,11.54387482917525,False,0.0
2020-08-18,3.096091,2.5249123446534143,-6.931894694435624,11.918420621668961,False,0.0
2020-08-19,0.022195322,2.4262674858340523,-6.718818023805161,11.0544852384953,False,0.0
2020-08-20,0.6543206,2.3266764026730002,-5.996305099366421,10.670777522595113,False,0.0
2020-08-21,4.7338266,2.228180836506306,-6.369029256679737,11.432163541451404,False,0.0
2020-08-22,0.90596515,2.1327260334526517,-6.878416686591745,10.445302980354883,False,0.0
2020-08-23,0.8895611,2.0421083334371586,-6.686691074685486,10.993631573544041,False,0.0
2020-08-24,0.00026159815,1.9579282478167424,-7.813945105917882,10.74497938721812,False,0.0
2020-08-25,0.05294217,1.8815502237444646,-6.466753246424154,10.797460554183688,False,0.0
2020-08-26,1.1757692,1.8140700850545137,-6.571783406811778,10.803082627848951,False,0.0
2020-08-27,0.061657693,1.7562909065548429,-5.956015617811466,10.680645105738124,False,0.0
2020-08-28,1.0189991,1.7087078280563306,-6.973394635604355,10.993030125160315,False,0.0
2020-08-29,2.7062204,1.6715020535740488,-7.1527301625043345,9.961561490920088,False,0.0
2020-08-30,2.0713522,1.644544017389041,-6.86942738149634,10.347784423484255,False,0.0
2020-08-31,2.3394372,1.6274054395659145,-7.268200336532383,10.266722627502652,False,0.0
2020-09-01,4.290013,1.619379746360028,-7.399078661270286,10.888042152680882,False,0.0
2020-09-02,6.774305,1.6195101025424872,-6.998940186511116,10.007937515058204,False,0.0
2020-09-03,3.3383946,1.626624099258427,-7.096653451493967,10.677807395597235,False,0.0
2020-09-04,2.0200222,1.6393739680436794,-7.086191668361277,10.538150074554098,False,0.0
2020-09-05,2.7295854,1.6562810535543975,-6.43242410978479,10.413291274849323,False,0.0
2020-09-06,0.62900096,1.6757831778497063,-7.017182087258228,9.60872017315983,False,0.0
2020-09-07,0.18576632,1.6962834700373948,-6.996101941246346,9.599320535318595,False,0.0
2020-09-08,0.095577374,1.7161992178237802,-7.301305241387574,9.477540763526196,False,0.0
2020-09-09,3.6749942,1.7340093219380734,-6.762284939559906,10.213261702417086,False,0.0
2020-09-10,2.777992,1.748298999209869,-7.524089187757651,10.390262839849836,False,0.0
2020-09-11,2.6618223,1.7578004828444662,-6.977197670925488,10.950181455096898,False,0.0
2020-09-12,0.3619426,1.7614286056605661,-7.4276533868625645,10.469197886023206,False,0.0
2020-09-13,0.30441996,1.7583103192972007,-6.978717206781492,10.44298345788027,False,0.0
2020-09-14,2.2063735,1.747807394410779,-7.295190990310993,10.903869513800947,False,0.0
2020-09-15,2.6061397,1.7295317639449492,-7.047225583710389,10.15448694472755,False,0.0
2020-09-16,3.1484003,1.703353157793316,-6.810845263757542,10.847004184796717,False,0.0
2020-09-17,0.4977283,1.669398999349853,-6.807561812386862,10.421575042112975,False,0.0
2020-09-18,1.6236115,1.6280466389436556,-7.35569047176896,10.186927913404906,False,0.0
2020-09-19,1.6943693,1.5799083130055112,-6.968241661134017,10.415138944519521,False,0.0
2020-09-20,0.7050922,1.5258093877881587,-7.512508966206674,10.716372834954777,False,0.0
2020-09-21,1.7812772,1.466760640189332,-7.162381385374516,9.528451257419208,False,0.0
2020-09-22,1.0703543,1.4039254909577867,-7.111220172159678,10.760671005725813,False,0.0
2020-09-23,0.3590385,1.3385832391166725,-7.553545575844644,10.133558539156185,False,0.0
2020-09-24,1.0524459,1.2720894472933812,-7.9137421066505045,9.80030203870936,False,0.0
2020-09-25,1.1615119,1.2058346933737862,-7.667987848523364,9.609755293158528,False,0.0
2020-09-26,1.2966298,1.1412029329858275,-7.5878098551454745,9.784226294863931,False,0.0
2020-09-27,0.76522017,1.0795307095078464,-8.100915838540594,9.869090743344374,False,0.0
2020-09-28,2.0791142,1.0220684042697252,-7.4372524503112745,8.91620737854709,False,0.0
2020-09-29,1.0738425,0.9699446411955683,-6.870616372258715,9.983968961452293,False,0.0
2020-09-30,1.4787265,0.9241348500877746,-7.535339865855302,9.582593290751717,False,0.0
2020-10-01,0.4051162,0.8854348547496189,-7.459380278934846,9.96008138283415,False,0.0
2020-10-02,1.7616749,0.8544401906302821,-7.800301179270825,9.77224921667138,False,0.0
2020-10-03,1.1649938,0.8315316767164185,-8.320721593465763,9.753678037559537,False,0.0
2020-10-04,1.4815793,0.8168675735556903,-7.532799752971101,9.89051475932634,False,0.0
2020-10-05,0.9670903,0.8103824594335198,-8.125970874264354,9.814264037602419,False,0.0
2020-10-06,0.34296396,0.8117927558240035,-8.360857947416095,9.628210158542517,False,0.0
2020-10-07,0.67790514,0.8206086372438759,-7.6660447785404,9.321504394629331,False,0.0
2020-10-08,2.6705942,0.8361518752927681,-7.377920021878089,10.066053000400958,False,0.0
2020-10-09,1.3191102,0.8575789972766068,-7.562118915218939,9.34312540656828,False,0.0
2020-10-10,0.16526878,0.883908991199899,-7.612128288567618,9.689726983161236,False,0.0
2020-10-11,0.6777581,0.9140546651803161,-7.864897106831797,9.524631568896403,False,0.0
2020-10-12,0.5404494,0.9468566738384014,-7.598208865042346,9.701548902163983,False,0.0
2020-10-13,0.5192684,0.9811191593556157,-7.932999626742528,10.39228424352737,False,0.0
2020-10-14,2.7385638,1.0156459222392913,-6.7821319998958955,9.533715202009363,False,0.0
2020-10-15,2.3416693,1.0492760368655294,-7.519833526873832,10.085087111661174,False,0.0
2020-10-16,0.26931393,1.080917859187224,-8.42563875869559,9.712116503696416,False,0.0
2020-10-17,1.5718724,1.1095804371762523,-7.4763323155369585,9.964186666998458,False,0.0
2020-10-18,0.6459912,1.134401426307292,-8.0899696158947,9.946796997048137,False,0.0
2020-10-19,1.8302816,1.154670729612348,-7.490758804511164,9.64952156213589,False,0.0
2020-10-20,0.83421177,1.1698492206274507,-7.353054494698792,9.943418692641561,False,0.0
2020-10-21,2.5803843,1.1795820635599321,-7.79966282648266,9.54301929930585,False,0.0
2020-10-22,2.0503688,1.1837063132693493,-8.02890987080211,9.820765420672608,False,0.0
2020-10-23,2.0437813,1.1822526530315423,-7.182828844958584,9.906784845777027,False,0.0
2020-10-24,1.2801621,1.1754413051707633,-7.188083027732194,9.466545249036649,False,0.0
2020-10-25,3.956997,1.163672323185822,-6.984026243661866,9.87006728437412,False,0.0
2020-10-26,1.5388974,1.1475106388253942,-7.29957461240919,9.694694200684362,False,0.0
2020-10-27,0.8007276,1.1276663888421552,-7.895599385435023,9.576292672429123,False,0.0
2020-10-28,0.66409177,1.10497117953886,-7.295883571988191,9.692840005161921,False,0.0
2020-10-29,1.4897038,1.0803510589555256,-7.544555716624673,10.087916340251503,False,0.0
2020-10-30,2.6397276,1.0547970535584275,-7.49586118366445,10.256415505425664,False,0.0
2020-10-31,3.5190265,1.0293341863310856,-7.591058617951814,10.262147197807712,False,0.0
2020-11-01,1.2747512,1.0049899247780243,-7.431279157581486,9.896448949745265,False,0.0
2020-11-02,0.5286548,0.9827630099971851,-7.856159486306687,10.119316971317259,False,0.0
2020-11-03,0.4160063,0.9635935919643726,-7.960864631014656,9.57977890061004,False,0.0
2020-11-04,0.7671361,0.9483355427087705,-7.7818573989502084,9.766375183618196,False,0.0
2020-11-05,1.2297233,0.9377317401320338,-7.59758844305317,10.322279487958669,False,0.0
2020-11-06,2.916627,0.9323930135849863,-8.205348330100634,9.57750404000659,False,0.0
2020-11-07,3.4121523,0.9327813213764946,-7.876345677114174,9.051535995171497,False,0.0
2020-11-08,2.8512826,0.9391975940689428,-7.613874787895838,9.062079652701721,False,0.0
2020-11-09,5.508495,0.9517745300978826,-7.630267453446928,9.115215004348078,False,0.0
2020-11-10,3.8694518,0.970474476551952,-7.816283708443571,9.774806341469906,False,0.0
2020-11-11,4.0260983,0.9950923726382903,-7.448958011996361,9.714224949960101,False,0.0
2020-11-12,2.632086,1.0252635812010393,-7.191011484889668,9.596434158822417,False,0.0
2020-11-13,1.4280955,1.0604762892305692,-7.953010303235335,9.708101215568954,False,0.0
2020-11-14,2.065276,1.1000880259138408,-7.509217602271118,9.512758090526999,False,0.0
2020-11-15,0.26097196,1.1433457302939753,-7.801246279421361,10.092040619676322,False,0.0
2020-11-16,2.0898166,1.189408703350752,-7.5510247470910405,9.63705508456823,False,0.0
2020-11-17,1.6973116,1.2373737040063089,-6.989491785229404,9.332600258838733,False,0.0
2020-11-18,0.5052699,1.2863013971458743,-7.665231128628296,10.149137326066521,False,0.0
2020-11-19,1.1600388,1.3352433371712054,-7.548860599273224,9.935688158294505,False,0.0
2020-11-20,1.8709253,1.3832686597674968,-6.529712347797271,10.107118994120226,False,0.0
2020-11-21,0.66192913,1.4294897043781756,-7.293921389487091,10.422945813708848,False,0.0
2020-11-22,0.24543206,1.473085804660616,-6.890364141019823,10.418679870153088,False,0.0
2020-11-23,0.45130315,1.5133245802373116,-7.163062400684423,10.060277698560167,False,0.0
2020-11-24,2.7050993,1.5495801432818364,-7.642520391165235,9.864865532942062,False,0.0
2020-11-25,3.036627,1.581347742050471,-7.906613502381542,10.145263033626932,False,0.0
2020-11-26,1.6384555,1.6082544832582724,-6.2077905413565055,9.637671097174742,False,0.0
2020-11-27,1.3214166,1.6300659039984609,-7.1887443459604885,10.300905679046128,False,0.0
2020-11-28,1.0327544,1.646688297477161,-7.08044576983863,10.869627372974138,False,0.0
2020-11-29,2.0960817,1.6581668309515765,-7.050628423903698,10.219530684950477,False,0.0
2020-11-30,0.19104332,1.664679624661705,-6.972118382154075,10.485481280012747,False,0.0
2020-12-01,1.9553468,1.666528083180931,-7.055232882250236,10.148501439454648,False,0.0
2020-12-02,1.7239405,1.664123881703675,-7.204433880619733,9.8429417845947,False,0.0
2020-12-03,2.559191,1.657973105992453,-7.051201189452109,9.951544999375235,False,0.0
2020-12-04,3.2704368,1.6486581231894544,-7.751876080121846,10.56175500736001,False,0.0
2020-12-05,1.5415186,1.6368178192046616,-7.219386573930248,9.832364279348146,False,0.0
2020-12-06,0.5997611,1.6231268753645356,-7.40063634039904,10.428602649932293,False,0.0
2020-12-07,0.3024141,1.608274771574008,-6.758553918342273,10.596940493960444,False,0.0
2020-12-08,0.49967235,1.5929451952617932,-6.761560173148942,10.806574263229331,False,0.0
2020-12-09,0.5036367,1.5777965054458838,-7.570026395372515,10.499941645123206,False,0.0
2020-12-10,0.8070171,1.5634438506554063,-7.17515597011308,10.596822987895653,False,0.0
2020-12-11,0.50696105,1.5504434701200527,-7.025750685540647,9.406813902137644,False,0.0
2020-12-12,1.0233518,1.5392796221126364,-6.850985669421365,10.01230113530462,False,0.0
2020-12-13,3.0010605,1.5303544846406307,-7.6078243171963855,10.048619598770069,False,0.0
2020-12-14,2.3957138,1.5239812652350622,-7.285308809239718,9.6732677201645,False,0.0
2020-12-15,2.0351691,1.520380642117926,-6.957864580821852,10.621596164852424,False,0.0
2020-12-16,2.873363,1.5196805423653112,-7.048467791558664,10.25263850959744,False,0.0
2020-12-17,1.8668551,1.5219191477939955,-7.598139523503545,10.848734463825338,False,0.0
2020-12-18,2.2243044,1.5270509099259781,-7.203227612966948,9.2310435799015,False,0.0
2020-12-19,1.3780825,1.5349552552056138,-6.919629119408748,9.767650282710147,False,0.0
2020-12-20,0.5366709,1.5454475738552758,-7.183447120310591,10.202705248855315,False,0.0
2020-12-21,0.71428907,1.5582920132613944,-6.633926792119349,10.059353344964343,False,0.0
2020-12-22,0.8062853,1.573215541843297,-7.254551819238604,9.648992778482954,False,0.0
2020-12-23,1.1786137,1.5899227137164722,-7.17539960843775,10.800094635236668,False,0.0
2020-12-24,1.4901937,1.6081105491732928,-7.084934727057773,10.512600004807046,False,0.0
2020-12-25,2.9905095,1.6274829514385554,-7.358710979586812,10.017281476285731,False,0.0
2020-12-26,1.3335001,1.6477641060128072,-7.133468990410061,10.202407124781722,False,0.0
2020-12-27,2.3315544,1.6687103541835604,-7.676782023004298,10.108910924830205,False,0.0
2020-12-28,1.4684925,1.6901200953270874,-6.542581049538068,10.795637318614244,False,0.0
2020-12-29,0.060696363,1.7118413511977224,-7.083169652265783,9.692296942696899,False,0.0
2020-12-30,2.4417195,1.7337767167570688,-7.268440254620521,10.456829525452576,False,0.0
2020-12-31,3.3061337,1.755885523055221,-6.708897266686038,10.363455544675247,False,0.0
2021-01-01,1.1028647,1.7781831447243122,-6.553237781059367,10.644890839979176,False,0.0
2021-01-02,0.32843235,1.8007374940893477,-6.895169951778136,10.505479163355774,False,0.0
2021-01-03,0.9601487,1.8236628519368518,-6.2807612791571215,10.617786372090034,False,0.0
2021-01-04,2.1110952,1.8471112878615674,-7.223025914042757,10.39114689248121,False,0.0
2021-01-05,0.697879,1.8712620172548284,-7.664985619672909,10.870794144933358,False,0.0
2021-01-06,0.95575947,1.896309124083786,-7.0838276703866,10.897489847826115,False,0.0
2021-01-07,1.7047408,1.922448145752239,-6.7061750376786105,10.4799182469612,False,0.0
2021-01-08,0.6153862,1.9498620660989427,-6.595528973043494,10.664807398494599,False,0.0
2021-01-09,0.70753413,1.9787072931284,-6.76175643868232,10.117673116587095,False,0.0
2021-01-10,0.7854217,2.009100208189248,-6.569382048133348,10.97261155405208,False,0.0
2021-01-11,1.4701409,2.0411048624632193,-5.77604450009759,10.967413081132959,False,0.0
2021-01-12,1.5933942,2.0747223649983337,-6.446806154378975,10.255483379267847,False,0.0
2021-01-13,1.4052107,2.109882454959797,-6.676021693024764,10.568154364907281,False,0.0
2021-01-14,1.3767991,2.146437680835363,-6.300163410975412,10.343692197650903,False,0.0
2021-01-15,2.693845,2.1841605231986376,-6.451278431410546,10.833469155072027,False,0.0
2021-01-16,0.6725639,2.2227436980246154,-6.137180897359481,11.19961108281721,False,0.0
2021-01-17,3.1733313,2.261803767692118,-6.179306428295409,11.602074110427768,False,0.0
2021-01-18,2.845378,2.3008880702832717,-6.267339911914481,11.256239723351214,False,0.0
2021-01-19,2.8670332,2.339484858452437,-6.483921339578281,11.63850577225058,False,0.0
2021-01-20,4.0082736,2.377036420977625,-6.672697343143345,10.86642700396203,False,0.0
2021-01-21,2.1103292,2.4129548471313895,-6.150273678195939,11.108037094203597,False,0.0
2021-01-22,0.95282006,2.447219747619367,-6.142179724712135,11.432407448247236,False,0.0
2021-01-23,1.1177408,2.47865860942032,-6.149378685280074,11.13065370466449,False,0.0
2021-01-24,2.8441548,2.5067067496007156,-5.915083472486653,10.647800963683906,False,0.0
2021-01-25,1.6203754,2.530848626010916,-5.840315267940751,11.210802244641041,False,0.0
2021-01-26,3.1435933,2.5506385902337536,-6.582762198546863,10.515239491817397,False,0.0
2021-01-27,3.9740202,2.565720609967278,-5.734608004638452,11.418027255546068,False,0.0
2021-01-28,2.9424462,2.5758462559476167,-6.399722078383423,11.292042082841148,False,0.0
2021-01-29,2.526504,2.5808902824300413,-6.482650382170298,11.220938539731282,False,0.0
2021-01-30,2.6244576,2.580863187005308,-7.373389893543933,11.060445044917575,False,0.0
2021-01-31,1.4084842,2.575920213756164,-5.722094732430059,11.523635206977874,False,0.0
2021-02-01,2.2685943,2.56636636135096,-6.58545416098067,10.977425503296034,False,0.0
2021-02-02,1.7462274,2.5526570718609674,-5.836189104003826,11.771106977023246,False,0.0
2021-02-03,1.5773422,2.5353944035438247,-5.778810415854016,11.333662656120968,False,0.0
2021-02-04,1.1346225,2.5153186277436235,-5.853888975918517,10.897111914373378,False,0.0
2021-02-05,0.8866856,2.493295332254027,-5.709389562721643,10.935050399563435,False,0.0
2021-02-06,0.38787508,2.4702982565502674,-5.796200172770035,11.330454844225299,False,0.0
2021-02-07,0.3001064,2.4473882237131828,-6.442747067707703,11.60545205626075,False,0.0
2021-02-08,0.5038985,2.4256886651927996,-5.5964567333664625,11.35132964875248,False,0.0
2021-02-09,1.006491,2.4063583534717057,-6.42138744451676,10.961808407914642,False,0.0
2021-02-10,2.3755367,2.390562060244482,-6.363726780347416,11.211235075341248,False,0.0
2021-02-11,2.047877,2.379439940401027,-6.194923220422947,10.665138696700321,False,0.0
2021-02-12,0.85378987,2.3740765019380436,-6.214373558846593,11.364062332163668,False,0.0
2021-02-13,3.7346463,2.3754700566031697,-6.637559638644519,11.625324659059597,False,0.0
2021-02-14,2.5474494,2.384503554092963,-6.347072978312388,11.589304985969582,False,0.0
2021-02-15,2.2199593,2.401917683195782,-6.706809236695718,11.15518478816419,False,0.0
2021-02-16,2.1549594,2.428287076509164,-6.1694978664764495,11.307970404981571,False,0.0
2021-02-17,1.319691,2.4640003821805263,-5.424724988448797,11.156241596622811,False,0.0
2021-02-18,0.2454458,2.5092448683193593,-6.123430428832308,10.424684142949076,False,0.0
2021-02-19,0.28466547,2.5639961058349643,-5.748105641674689,10.762546598640084,False,0.0
2021-02-20,0.37922463,2.62801313674538,-5.937113475231378,11.52660062087264,False,0.0
2021-02-21,1.5131516,2.7008393813979823,-5.479833908841135,11.201616666951152,False,0.0
2021-02-22,0.2419495,2.7818093739223633,-5.483124757873908,11.5704183977173,False,0.0
2021-02-23,0.040193066,2.8700612454728804,-5.862780492343849,11.95689193721097,False,0.0
2021-02-24,1.2840525,2.964554704382278,-6.141131884867393,11.509702130311496,False,0.0
2021-02-25,3.0376577,3.0640940964768384,-5.467868978846721,11.72878863871678,False,0.0
2021-02-26,10.101879,3.167355972535801,-5.954599771498984,12.511865998103287,False,0.0
2021-02-27,4.0491843,3.2729204481200775,-5.878485673797272,11.854969472603665,False,0.0
2021-02-28,4.5811195,3.37930551823359,-5.357195822019854,12.387254385567308,False,0.0
2021-03-01,8.628349,3.4850033895583334,-5.507052674316387,12.643114715606156,False,0.0
2021-03-02,4.169209,3.5885178196474197,-4.717192367806355,12.586333591112567,False,0.0
2021-03-03,1.981308,3.6884014081034855,-4.350489947418781,12.421533902282087,False,0.0
2021-03-04,3.6469066,3.7832917711943526,-5.134954587519113,12.464999226580858,False,0.0
2021-03-05,2.4735057,3.8719455494507202,-5.456134572721042,13.06041371745085,False,0.0
2021-03-06,2.0817287,3.9532692474455406,-4.5205716480631555,12.47851171558225,False,0.0
2021-03-07,0.18175104,4.026345985208722,-4.993759868007392,12.496126191135376,False,0.0
2021-03-08,0.9176072,4.090457349600811,-4.4768617859202395,12.926409349179394,False,0.0
2021-03-09,2.125399,4.145099668607999,-4.44729019345506,12.654209246413256,False,0.0
2021-03-10,1.516576,4.189994188295736,-4.510060326886213,12.346235821699208,False,0.0
2021-03-11,1.4699625,4.225090806684524,-4.3776420479624845,12.942136033319175,False,0.0
2021-03-12,2.251461,4.250565206116409,-4.424668933046732,12.804103529093373,False,0.0
2021-03-13,1.9827148,4.266809420368781,-4.2542078418934,12.787276945647358,False,0.0
2021-03-14,0.705869,4.274416069086552,-4.221203973983103,13.37353277017223,False,0.0
2021-03-15,2.085809,4.274156684249874,-4.040309978908863,12.79658658979464,False,0.0
2021-03-16,1.6005404,4.266954735521977,-4.758992689836526,13.304164586734375,False,0.0
2021-03-17,0.023173293,4.253854127873688,-4.02883452336999,13.176777567331824,False,0.0
2021-03-18,1.8506262,4.235984090646959,-4.481949202962335,12.995823183644845,False,0.0
2021-03-19,2.1285214,4.21452149755351,-4.213233290488727,12.915173864460572,False,0.0
2021-03-20,2.268433,4.190651748044267,-4.290456509494478,12.574329008497264,False,0.0
2021-03-21,4.5056567,4.165529398888372,-4.949722238718236,12.888482614710128,False,0.0
2021-03-22,2.056173,4.1402397584611945,-4.479661398461195,12.554464746998471,False,0.0
2021-03-23,1.8539492,4.11576264393939,-3.8247727956316044,12.753064522840116,False,0.0
2021-03-24,4.7991276,4.092939453171017,-3.9358175812791805,12.81012754439688,False,0.0
2021-03-25,3.8755732,4.072444619350306,-5.03675834423766,12.62398234661254,False,0.0
2021-03-26,2.389119,4.05476239973145,-4.571124451910267,12.879739684588477,False,0.0
2021-03-27,4.910683,4.041358552837365,-4.354419188570443,12.91270079998202,False,0.0
2021-03-28,4.8529544,4.031103782753119,-4.128061255349343,13.675345340228736,False,0.0
2021-03-29,2.4415507,4.023836889792543,-4.72489985792869,12.321578197075418,False,0.0
2021-03-30,3.0852702,4.019180347741383,-5.056197066359873,12.739570090457825,False,0.0
2021-03-31,1.0392194,4.0165520622694855,-4.553215448360814,12.438207417971249,False,0.0
2021-04-01,5.416233,4.015184337565952,-4.695031604507821,12.897370869237587,False,0.0
2021-04-02,0.30300316,4.014149606255959,-4.754328765485951,12.519740474332004,False,0.0
2021-04-03,3.8700647,4.012392264740077,-4.367731138978608,12.901531144477463,False,0.0
2021-04-04,6.1088443,4.008765759002759,-5.102055657965548,13.429453460247284,False,0.0
2021-04-05,2.254826,4.002073890772404,-5.18208504762173,12.691816955486665,False,0.0
2021-04-06,0.6907572,3.991115166131016,-4.901344536729054,12.541616588787006,False,0.0
2021-04-07,1.3137393,3.9747288930473053,-5.126779721426924,13.247237543566952,False,0.0
2021-04-08,1.6755991,3.951841654745066,-4.827996341528138,12.325358002466539,False,0.0
2021-04-09,3.9522765,3.921512745196915,-4.507410325585568,12.483919445890406,False,0.0
2021-04-10,6.2165875,3.882977153180704,-4.808001141543277,12.35949785217213,False,0.0
2021-04-11,8.057275,3.835684722874065,-4.912333225822323,13.087227060181363,False,0.0
2021-04-12,2.2895246,3.7793342013563485,-5.8191046538437,12.173391415950194,False,0.0
2021-04-13,3.4196165,3.7139010048878296,-4.828032561991494,11.810473038922236,False,0.0
2021-04-14,12.844005,3.639657693546172,-4.43182376643542,12.256552908905707,True,0.587452091094292
2021-04-15,10.874995,3.557186333728848,-5.103148965041547,11.970908987397678,False,0.0
2021-04-16,2.1606686,3.467382145207114,-4.800507770458805,12.562149966357874,False,0.0
2021-04-17,8.959881,3.3714480680170427,-5.587283150277568,11.856662604073255,False,0.0
2021-04-18,9.50491,3.2708801379560435,-6.025705204220228,12.25888604329211,False,0.0
2021-04-19,3.6042395,3.16744382079564,-5.517404137734428,11.795823908265314,False,0.0
2021-04-20,1.315986,3.0631417171509927,-5.646619173395896,12.295959392584045,False,0.0
2021-04-21,1.1390778,2.960173304765483,-6.959358673881491,12.040620308911027,False,0.0
2021-04-22,2.5330024,2.8608876254497146,-6.082604382453266,11.376567499408436,False,0.0
2021-04-23,0.86710596,2.76773004291457,-5.709726503051047,11.606095929267019,False,0.0
2021-04-24,2.1495035,2.68318438879471,-6.644349057075166,11.51125428323426,False,0.0
2021-04-25,2.1494365,2.609711971356977,-5.802488634548592,11.23966486701702,False,0.0
2021-04-26,0.9905729,2.54968903982675,-5.8086309255276865,10.936047072137564,False,0.0
2021-04-27,2.314153,2.505344373025524,-6.628640442828837,11.924773367876877,False,0.0
2021-04-28,2.9745083,2.4786986912992766,-6.1416545640776325,11.086159288526304,False,0.0
2021-04-29,5.2136354,2.471507574094195,-6.175722552374713,11.000378861772973,False,0.0
2021-04-30,5.4146247,2.4852095017481095,-6.6988492824537165,10.989877077765989,False,0.0
2021-05-01,3.2811978,2.52088053028826,-5.565459873009805,11.624729040739101,False,0.0
2021-05-02,2.9976833,2.579196954683208,-6.109253047685,11.607199385837317,False,0.0
2021-05-03,3.0016806,2.660407122795624,-5.8339342156903555,11.305006700849408,False,0.0
2021-05-04,5.0576053,2.7643133340750574,-6.066245600396033,11.117851563125067,False,0.0
2021-05-05,2.909213,2.890264499733372,-5.2660241644687735,12.138206428819215,False,0.0
2021-05-06,3.4954178,3.037159961531132,-5.243424027601282,11.567785366787565,False,0.0
2021-05-07,1.9353089,3.203464571840744,-5.598567911191532,11.242775777328408,False,0.0
2021-05-08,2.3296657,3.3872348363591467,-5.27131995263066,11.992781201770526,False,0.0
2021-05-09,4.552976,3.58615562092471,-5.458039465535576,13.098793226796971,False,0.0
2021-05-10,3.4105797,3.797586633690542,-4.960394900854865,12.342476934509818,False,0.0
2021-05-11,3.5249298,4.018617621519726,-4.546637751636011,12.647449751267777,False,0.0
2021-05-12,5.7544703,4.246130972613527,-3.93972577092242,12.338782185111087,False,0.0
2021-05-13,18.713648,4.4768702031082634,-3.545385137263596,13.275981781986571,True,5.437666218013428
2021-05-14,13.223821,4.7075126299405285,-3.7638991962673236,13.511733153607905,False,0.0
2021-05-15,3.2365701,4.934744400900762,-3.310769655736046,14.226543301653267,False,0.0
2021-05-16,0.35248983,5.1553359694820795,-3.651696657710788,13.980125471951359,False,0.0
2021-05-17,1.1614425,5.366216069679178,-3.6662086967677254,14.82855724020499,False,0.0
2021-05-18,4.991277,5.56454226563348,-3.5905432931709775,14.018447647793709,False,0.0
2021-05-19,6.9289074,5.7477662229358195,-2.9166550773776527,14.923262647457134,False,0.0
2021-05-20,1.4110421,5.913691970929715,-2.444380943564619,14.964660477676556,False,0.0
2021-05-21,3.611846,6.060525595644867,-2.0589127106999334,15.266747622659997,False,0.0
2021-05-22,1.0317415,6.186915016788318,-2.6856844109001843,14.943648032199228,False,0.0
2021-05-23,0.15990809,6.291978754002361,-2.4266751188348463,14.49819417566477,False,0.0
2021-05-24,2.3273687,6.375322870861185,-3.0517353249401253,14.84840423205311,False,0.0
2021-05-25,0.07818391,6.437045592325676,-1.992145752507813,15.054692966183797,False,0.0
2021-05-26,2.5859604,6.477729414416887,-2.367715012802606,15.019081268957617,False,0.0
2021-05-27,4.141801,6.49842085505521,-2.0623085592733132,14.749753192313984,False,0.0
2021-05-28,5.022337,6.500598323402896,-2.775497552641796,14.82119549117666,False,0.0
2021-05-29,0.6494075,6.486128902734196,-2.0050251096586678,16.123369563264564,False,0.0
2021-05-30,4.1552997,6.457215140139218,-1.9260958240614263,14.517101721951665,False,0.0
2021-05-31,4.0502567,6.417088500701794,-1.8479650043223455,15.465004893765022,False,0.0
2021-06-01,8.343204,6.3676746174242815,-2.2158138972448618,15.00321132667638,False,0.0
2021-06-02,1.3009549,6.311785066955978,-2.4029846944194917,14.686116236712541,False,0.0
2021-06-03,1.2018274,6.252284674785638,-2.501171371121906,14.927751609003996,False,0.0
2021-06-04,3.3711922,6.192012853852544,-2.129978316269297,15.372433326827668,False,0.0
2021-06-05,3.4204264,6.13370575984639,-2.6009313570472505,14.854004211606469,False,0.0
2021-06-06,2.6172283,6.079921325858777,-2.6985798342395606,14.630615246658898,False,0.0
2021-06-07,2.0458996,6.03296916941519,-2.5242918287207834,14.740904165337048,False,0.0
2021-06-08,2.3044162,5.994847241581578,-3.305842395509089,14.591270323162822,False,0.0
2021-06-09,2.6018355,5.967186913948512,-2.811413182775634,14.539103560424268,False,0.0
2021-06-10,2.5153227,5.951207979346245,-2.5699451185864026,14.646931091529268,False,0.0
2021-06-11,1.3940847,5.947684781961298,-3.0796719950744924,14.820384000739239,False,0.0
2021-06-12,0.5003214,5.956924399009008,-2.580187178381649,14.543080730732225,False,0.0
2021-06-13,0.027772618,5.978757477091379,-2.543188469502144,14.391035573139488,False,0.0
2021-06-14,2.7685857,6.012541990404389,-2.325549928826882,14.183201578498801,False,0.0
2021-06-15,2.3626063,6.057179844077213,-2.5966608043858828,14.144078398935292,False,0.0
2021-06-16,3.9469478,6.11114590340156,-2.177242977803496,14.714094917049296,False,0.0
2021-06-17,2.23963,6.17252869777843,-2.6085299175500563,14.618962446458806,False,0.0
2021-06-18,28.416725,6.2390817358780115,-2.667399042712158,14.355101488061482,True,14.061623511938517
2021-06-19,9.251588,6.308284084191557,-2.4526358408840543,15.165132663076484,False,0.0
2021-06-20,5.918167,6.377408612602161,-2.786513731919528,14.81434814606261,False,0.0
2021-06-21,3.4353964,6.4435961045316485,-2.864852138840258,15.263767917133853,False,0.0
2021-06-22,1.7370979,6.503933271219601,-1.906804417200675,15.249748623874044,False,0.0
2021-06-23,3.4587965,6.555532604089997,-1.8581529932575398,15.05689306761143,False,0.0
2021-06-24,13.606723,6.595611948766457,-2.903124495639766,14.667036207134785,False,0.0
2021-06-25,2.7718592,6.621571690539444,-2.527055558428481,14.60998574394623,False,0.0
2021-06-26,0.42719144,6.631067503760167,-2.3333323167037827,15.60769324106145,False,0.0
2021-06-27,4.9506116,6.622076735030743,-2.413797420691673,15.131071445764018,False,0.0
2021-06-28,1.4975249,6.592956659026003,-1.889081975973987,15.059202725718658,False,0.0
2021-06-29,1.0164223,6.542493061672143,-2.0114081916301365,15.216144674098159,False,0.0
2021-06-30,11.609425,6.469937862420272,-1.8018417970801854,15.285338375778547,False,0.0
2021-07-01,7.4136453,6.375034778470603,-2.309423165911727,15.090799313428716,False,0.0
2021-07-02,3.519244,6.258032351164011,-2.603870808212957,14.826364131300322,False,0.0
2021-07-03,6.6903934,6.119683989752545,-2.335133500665604,14.668132754625782,False,0.0
2021-07-04,3.2598574,5.961235031363625,-2.729378081756888,14.358800384101762,False,0.0
2021-07-05,1.7365718,5.7843971588556,-3.2535810234552978,14.100954428443233,False,0.0
2021-07-06,1.2137021,5.591310851264549,-2.711266811736905,13.9940937198097,False,0.0
2021-07-07,0.29881877,5.384496855659085,-3.116473399405438,13.880066007019709,False,0.0
2021-07-08,2.5945375,5.166797956069479,-4.070993667818215,13.629468713705938,False,0.0
2021-07-09,2.9901946,4.9413125671059825,-3.461376087998857,13.737180286107707,False,0.0
2021-07-10,3.563096,4.711321890228636,-4.210263315573664,13.474261424284768,False,0.0
2021-07-11,1.8140109,4.4802125338974434,-4.732106038234875,12.969831525144976,False,0.0
2021-07-12,3.4570472,4.251396610734933,-4.3294738749914465,12.58534929477962,False,0.0
2021-07-13,0.7300899,4.028231382637163,-5.102122928875612,12.840408458981733,False,0.0
2021-07-14,2.4554095,3.813940527104862,-5.046615767747638,12.382439412183448,False,0.0
2021-07-15,2.8495054,3.6115390451016283,-4.942561530680257,13.055930214188496,False,0.0
2021-07-16,5.8916736,3.4237637242245405,-5.262961933700267,12.155911805773492,False,0.0
2021-07-17,8.46552,3.253010914019021,-5.496882274545438,12.166090871328292,False,0.0
2021-07-18,0.79518765,3.101283167330642,-5.048928363306207,12.124969132662395,False,0.0
2021-07-19,3.6011074,2.9701460584829196,-5.609985498246016,11.189290959035953,False,0.0
2021-07-20,0.9591199,2.860696212524626,-6.431837411130325,11.164365536473229,False,0.0
2021-07-21,3.9779146,2.7735412775044255,-5.918914939937281,11.517321724539373,False,0.0
2021-07-22,3.2705963,2.7087922520145526,-6.021694729319927,12.521565090817766,False,0.0
2021-07-23,3.58889,2.6660682518794943,-6.362038653924745,11.884375575241291,False,0.0
2021-07-24,0.58677727,2.6445134717648084,-6.56181964977368,11.944903179186195,False,0.0
2021-07-25,5.1339364,2.6428257785146645,-6.052927368301309,12.097154477903,False,0.0
2021-07-26,5.123621,2.659296071797157,-5.820001292883802,11.622975078298754,False,0.0
2021-07-27,4.01153,2.6918572721189657,-5.8955697329992365,11.678892754417344,False,0.0
2021-07-28,1.4839021,2.738141553776477,-6.366858892579473,11.202653615428689,False,0.0
2021-07-29,0.49357325,2.7955442371056893,-6.109403030333456,11.752000844420989,False,0.0
2021-07-30,0.81035733,2.8612925957221034,-5.480179343306827,11.524416758598255,False,0.0
2021-07-31,3.5179698,2.932517724141473,-6.233089569041546,11.553586881935129,False,0.0
2021-08-01,5.3908157,3.006327551946149,-6.072916209704397,11.100183323093479,False,0.0
2021-08-02,6.1063857,3.079879083489472,-5.514517821081655,10.828542314942899,False,0.0
2021-08-03,6.2130446,3.1504479868872592,-5.516197389782006,11.630570676585112,False,0.0
2021-08-04,11.047667,3.215493750952525,-5.035318188026407,11.990126796006459,False,0.0
2021-08-05,7.280277,3.272718770504929,-5.38778413622335,11.506451627222916,False,0.0
2021-08-06,1.0076634,3.320119905326883,-6.106251112536237,12.589146247311053,False,0.0
2021-08-07,4.685095,3.3560312797438,-5.229354023836356,12.020715287071983,False,0.0
2021-08-08,3.7845933,3.379157342488855,-5.1844642968782,11.652401967789094,False,0.0
2021-08-09,11.86932,3.3885954826230114,-5.687194538968024,12.262349276603024,False,0.0
2021-08-10,15.528622,3.383847789102197,-5.20762732348915,12.13881397374395,True,3.38980802625605
2021-08-11,6.2786493,3.364821840866432,-4.910594193463596,12.126860090215333,False,0.0
2021-08-12,4.5021973,3.3318207128011776,-5.579417895413225,12.256311656700053,False,0.0
2021-08-13,1.6482192,3.285522672343362,-4.8166846011519056,11.864495666368889,False,0.0
2021-08-14,0.8523532,3.2269513140284074,-5.501298638523406,12.346066637923617,False,0.0
2021-08-15,2.3767633,3.1574371275441897,-5.206679819439534,11.611985741974104,False,0.0
2021-08-16,2.6780145,3.078571712336412,-5.781891337613937,12.124531167888845,False,0.0
2021-08-17,3.4812105,2.9921560328204344,-5.703434232909737,11.493668232844774,False,0.0
2021-08-18,2.6426368,2.9001442482444597,-5.288636762511845,10.99974706370621,False,0.0
2021-08-19,3.3943672,2.8045847468542173,-5.68853346713599,11.468398080915252,False,0.0
2021-08-20,7.0538497,2.7075600631098844,-6.401412602311385,11.633000380175046,False,0.0
2021-08-21,2.160034,2.6111273585452874,-5.733519630236883,11.326229922373146,False,0.0
2021-08-22,4.729489,2.5172611020061657,-6.015061113124081,10.581142524632671,False,0.0
2021-08-23,10.774955,2.4277994952964277,-6.1651883574529265,10.68534957674571,True,0.08960542325429088
2021-08-24,4.674845,2.344396058821909,-5.886185549195988,10.952984086005554,False,0.0
2021-08-25,3.043814,2.2684776228674175,-6.834127033746505,10.821307894175813,False,0.0
2021-08-26,3.3568494,2.201209768940621,-5.879914869764468,10.937623599660084,False,0.0
2021-08-27,1.1078298,2.1434705382226946,-6.350968709284214,10.841430905642918,False,0.0
2021-08-28,0.25784433,2.0958329773553928,-6.339062219136654,10.88767506223581,False,0.0
2021-08-29,3.3023334,2.058556832786164,-6.498085648598757,10.751154253099658,False,0.0
2021-08-30,2.7562418,2.031589441150043,-6.159158591395576,10.952242919693036,False,0.0
2021-08-31,1.9841175,2.0145756022160057,-6.145295184002748,11.130358077385768,False,0.0
2021-09-01,2.8441546,2.006875970122664,-7.260574985934837,10.692603358131413,False,0.0
2021-09-02,0.76518667,2.007593264920308,-7.095311467912081,11.154389576224721,False,0.0
2021-09-03,2.1176217,2.0156053962325595,-6.588118970657625,11.059045319661136,False,0.0
2021-09-04,2.1913447,2.0296044097975634,-6.959339768141734,10.63901230441575,False,0.0
2021-09-05,3.3425674,2.048140020475137,-6.552068710496425,11.070659565377014,False,0.0
2021-09-06,0.7138479,2.0696663857514737,-6.874376758188891,10.559624872969476,False,0.0
2021-09-07,0.1537241,2.0925907044110303,-7.564872824096243,10.412286031605033,False,0.0
2021-09-08,3.0079663,2.1153221973019107,-6.4034221905157755,10.929021276577945,False,0.0
2021-09-09,0.5481658,2.1363200412042485,-6.274272758932584,10.953949963076656,False,0.0
2021-09-10,0.16386297,2.1541388817020506,-6.191792470210678,10.733796267075988,False,0.0
2021-09-11,1.0212245,2.167470644526577,-6.606322142009542,11.02491625426896,False,0.0
2021-09-12,1.8736123,2.1751814938354004,-6.753439536470479,10.345755554589404,False,0.0
2021-09-13,1.4340904,2.176342946076655,-5.981012851444295,10.925477613151028,False,0.0
2021-09-14,2.0378196,2.1702563344488537,-6.160989834558081,10.82654199099585,False,0.0
2021-09-15,2.436137,2.156470025701833,-5.923823515485606,10.536563538797338,False,0.0
2021-09-16,1.3482361,2.1347890119073787,-6.136877933046228,10.606396100837369,False,0.0
2021-09-17,2.167727,2.105276728251786,-6.101432599774117,10.500600226053221,False,0.0
2021-09-18,1.4766257,2.0682491771383824,-6.046610750660241,11.124969721899426,False,0.0
2021-09-19,0.0888216,2.0242616622994305,-7.036986346854261,10.698221998524902,False,0.0
2021-09-20,0.041464966,1.974088647765997,-6.711923317347009,10.557254146265402,False,0.0
2021-09-21,0.0065843263,1.9186974494969509,-6.472975300671336,10.196329759474898,False,0.0
2021-09-22,0.11282795,1.859216636842222,-6.772878232752828,10.580267624925591,False,0.0
2021-09-23,0.83886254,1.7969001622310674,-6.98309613178719,10.929105730238637,False,0.0
2021-09-24,3.7685194,1.7330883467825595,-6.8961514679006894,10.649700327301462,False,0.0
2021-09-25,3.4343376,1.6691669242080165,-6.582612929596195,10.520695086072456,False,0.0
2021-09-26,3.4046266,1.606525383713935,-6.472652255397979,10.004080036987746,False,0.0
2021-09-27,3.332416,1.5465158539914061,-7.123194580818835,10.011081931065679,False,0.0
2021-09-28,3.5116186,1.490413735281309,-7.08147174888631,9.837046262293116,False,0.0
2021-09-29,3.3801842,1.439381216453388,-6.932525024441286,10.54607938315117,False,0.0
2021-09-30,4.266248,1.3944347115947053,-7.204629023691188,10.351196304032838,False,0.0
2021-10-01,2.9243684,1.3564171191954904,-7.510794380724984,10.12447184676274,False,0.0
2021-10-02,3.70184,1.3259756509247964,-7.2858869627163525,9.292016045614803,False,0.0
2021-10-03,0.99525326,1.3035458011468473,-8.077085989195878,9.692659097434822,False,0.0
2021-10-04,1.3447288,1.2893418381660555,-7.744870245363855,10.083910723797928,False,0.0
2021-10-05,1.0113828,1.2833539995117578,-7.530132806209288,9.32292871850663,False,0.0
2021-10-06,2.7315288,1.2853523726893106,-7.32525415716486,10.020865779098207,False,0.0
2021-10-07,1.9029478,1.2948972432247574,-7.833664022192113,9.213355357138964,False,0.0
2021-10-08,0.6892979,1.3113555078600143,-7.105394448366967,10.03319460956798,False,0.0
2021-10-09,1.6539494,1.3339225708379936,-7.2037301422128595,10.257359119892586,False,0.0
2021-10-10,0.78030926,1.3616489915477827,-6.700901144774965,9.524062376572743,False,0.0
2021-10-11,0.40530777,1.393471019687115,-7.020601167761682,10.355732042616022,False,0.0
2021-10-12,0.18745463,1.4282440515684027,-7.308174135920955,9.73786086203063,False,0.0
2021-10-13,0.34878486,1.4647779685095903,-6.923774131716963,10.432748943383844,False,0.0
2021-10-14,1.4507014,1.5018732774409884,-7.358361235796777,10.822336488921042,False,0.0
2021-10-15,2.8727655,1.5383569657424445,-7.5533719957048495,10.961114620799428,False,0.0
2021-10-16,3.7763147,1.5731170066466034,-6.89368393599893,10.538542729884677,False,0.0
2021-10-17,3.7415042,1.6051345071985033,-7.005138682330715,10.723466178614077,False,0.0
2021-10-18,2.381473,1.6335125756316247,-7.175533395488848,10.120693487742757,False,0.0
2021-10-19,1.1595998,1.6575010961863754,-7.307211241985485,9.757748669208116,False,0.0
2021-10-20,0.3750225,1.6765167332097288,-6.760462781017738,10.196994278394495,False,0.0
2021-10-21,1.2694927,1.6901576385061545,-7.4773499335304106,9.65916672176544,False,0.0
2021-10-22,0.9203546,1.6982125016056542,-7.077102790020195,10.670729011318125,False,0.0
2021-10-23,2.5749905,1.700663756689658,-7.13760497667394,9.85585125157482,False,0.0
2021-10-24,2.2026682,1.6976849371149265,-7.011031915146625,11.204804061593158,False,0.0
2021-10-25,1.0748568,1.6896323433994551,-6.8314112431134415,10.527091873822874,False,0.0
2021-10-26,2.416243,1.677031358000709,-6.433168697173959,10.365628917538691,False,0.0
2021-10-27,2.589166,1.660557895318345,-6.551078245111379,10.328320507631258,False,0.0
2021-10-28,2.3161604,1.6410156135847584,-7.173865584815884,10.033078323144082,False,0.0
2021-10-29,3.905927,1.6193096327602936,-6.705389065156822,11.141101544459472,False,0.0
2021-10-30,0.038120966,1.596417596007373,-7.190605629251069,10.218121526215695,False,0.0
2021-10-31,0.7448528,1.573358979247494,-6.873912988297831,11.185285734540663,False,0.0
2021-11-01,0.61547756,1.5511635921249802,-6.8345520886258315,10.568725324539196,False,0.0
2021-11-02,4.7646694,1.5308402235821557,-7.193690034125922,10.070758450698513,False,0.0
2021-11-03,1.4843286,1.513346366328917,-7.040805051990368,9.916141823952904,False,0.0
2021-11-04,0.75156736,1.4995599077309734,-7.1130819571343356,10.380965293059,False,0.0
2021-11-05,0.30640894,1.4902536018459447,-6.957961993513513,9.865164238404397,False,0.0
2021-11-06,0.16074197,1.48607304109074,-7.320363077062186,10.73844475812716,False,0.0
2021-11-07,1.3071399,1.4875187295425056,-6.701918409827138,10.28280539773521,False,0.0
2021-11-08,1.595674,1.4949327270267458,-6.895084033513427,10.280668798683873,False,0.0
2021-11-09,1.2833325,1.5084901881336834,-7.2220979663078335,10.056373643386975,False,0.0
2021-11-10,2.7205992,1.528195967766026,-7.572479367741162,10.182930362108873,False,0.0
2021-11-11,2.645176,1.5538863094581628,-7.346558098798779,10.784655111587316,False,0.0
2021-11-12,3.0184436,1.5852354793262962,-7.157421370693882,10.12823144691491,False,0.0
2021-11-13,1.4763474,1.621767061725397,-7.019151045923832,10.242697989735671,False,0.0
2021-11-14,1.2858208,1.662869496913417,-6.852966056905953,10.743025093919881,False,0.0
2021-11-15,2.0742297,1.7078153202270692,-6.821104231088705,10.017409818732723,False,0.0
2021-11-16,3.0219245,1.7557834599335476,-6.723916715751857,10.307824288556693,False,0.0
2021-11-17,0.91936326,1.8058838699097064,-6.915854999725705,10.39370376147321,False,0.0
2021-11-18,1.7740799,1.8571837157743134,-6.407472067866429,10.640087332328353,False,0.0
2021-11-19,2.1049452,1.9087343004703157,-7.525908129879601,10.203947185118842,False,0.0
2021-11-20,3.2606018,1.9595979082075605,-6.42112060407437,10.168406923667138,False,0.0
2021-11-21,1.4779563,2.0088737639435186,-6.602720631174626,10.149363297587309,False,0.0
2021-11-22,1.4394025,2.0557223482567855,-6.889229213829889,9.922015526522555,False,0.0
2021-11-23,2.2645583,2.0993873728554444,-7.461551359957472,10.679281785900555,False,0.0
2021-11-24,1.2494646,2.1392148076835396,-6.784831522714262,10.324726022935534,False,0.0
2021-11-25,0.71383786,2.17466845365073,-6.666300279880436,11.134300132857025,False,0.0
2021-11-26,3.6049516,2.2053416719401957,-6.318950880583091,10.805307093678476,False,0.0
2021-11-27,2.2657921,2.230965007777722,-6.391574962360379,11.195206227267846,False,0.0
2021-11-28,1.8566736,2.2514095793195485,-6.433221657017718,10.870137221578306,False,0.0
2021-11-29,2.0447402,2.2666862367090386,-5.816105457083459,10.654903472553064,False,0.0
2021-11-30,1.4641229,2.276940628058081,-6.143488949622593,10.486708547977198,False,0.0
2021-12-01,0.3644204,2.2824444340679246,-6.797523024357408,10.791078772859308,False,0.0
2021-12-02,0.23079978,2.283583147300143,-6.100349305284357,10.77912777732027,False,0.0
2021-12-03,1.2736963,2.280840872336481,-6.772334817128813,11.378382789699227,False,0.0
2021-12-04,4.207055,2.27478270620358,-6.029042565224449,10.740358220880394,False,0.0
2021-12-05,5.4359555,2.266035322117242,-5.991241321593847,11.081717061322124,False,0.0
2021-12-06,1.5717626,2.2552664220696204,-6.7890658130536305,10.626483626247936,False,0.0
2021-12-07,0.6720213,2.2431637439858587,-5.976572103369234,11.181704562289719,False,0.0
2021-12-08,1.4130689,2.2304143068146454,-6.600103629000408,10.810685298941738,False,0.0
2021-12-09,3.5550547,2.2176845523670643,-5.927978297647848,10.314755969626466,False,0.0
2021-12-10,3.9636586,2.20560199861956,-6.969642989941293,10.998035320882524,False,0.0
2021-12-11,1.8484039,2.194738945434149,-6.137584721956946,10.622340367558817,False,0.0
2021-12-12,2.5664635,2.1855987141482256,-5.779669542386876,10.965505767919272,False,0.0
2021-12-13,3.3522093,2.1786047771316714,-6.246072797905257,10.893831923808706,False,0.0
2021-12-14,4.080312,2.174093049301303,-5.8361712449026895,11.277711545115796,False,0.0
2021-12-15,4.0488315,2.1723074913572016,-6.387534630258086,10.642493499121276,False,0.0
2021-12-16,4.886617,2.173399059521455,-6.532421063870697,10.926975688792494,False,0.0
2021-12-17,2.7523549,2.1774279208470526,-6.472187574813631,10.883392989784547,False,0.0
2021-12-18,2.3723161,2.1843687420804594,-6.485996300951762,11.813641431900448,False,0.0
2021-12-19,3.4994483,2.1941187572462897,-6.287977689277013,11.286076570269882,False,0.0
2021-12-20,1.6623871,2.206508227961761,-6.395407271250917,11.748743204297815,False,0.0
2021-12-21,2.3596492,2.221312833930586,-6.479468538232062,11.04607543100808,False,0.0
2021-12-22,2.01188,2.2382674715485074,-7.070617454039773,10.884900105933653,False,0.0
2021-12-23,2.0472705,2.2570808979674926,-7.097105330621816,10.418556226035504,False,0.0
2021-12-24,0.7632802,2.2774506375184425,-7.162320546462468,10.307930144018918,False,0.0
2021-12-25,1.6529775,2.2990775676590043,-6.311782181812333,11.44741993061276,False,0.0
2021-12-26,8.385742,2.3216796224215717,-5.987803304475863,10.931814070700836,False,0.0
2021-12-27,3.436939,2.345004091882722,-6.11348829098668,10.922713076344584,False,0.0
2021-12-28,1.9282674,2.368838054966849,-6.6414098946557845,11.437635782284577,False,0.0
2021-12-29,0.76765656,2.3930165578191667,-5.493491619278804,11.238182992465296,False,0.0
2021-12-30,2.685944,2.4174282384347894,-6.6515253800863805,11.172727549443911,False,0.0
2021-12-31,0.72853225,2.4420181971004404,-5.903162541963001,11.560155652349195,False,0.0
2022-01-01,0.7722318,2.466788018077579,-6.684730800146692,10.785234504060968,False,0.0
2022-01-02,2.3895967,2.491792957153253,-5.727424560047447,11.1921823300099,False,0.0
2022-01-03,3.3022525,2.517136418428023,-6.084240570114539,10.977618568733812,False,0.0
2022-01-04,2.1437356,2.542961948228124,-6.497579185787841,11.352625664186775,False,0.0
2022-01-05,2.6845715,2.569443070672489,-6.307134740319661,11.588974237664255,False,0.0
2022-01-06,2.0797434,2.596771374817658,-6.81737315027773,11.515824225331885,False,0.0
2022-01-07,2.221781,2.6251433344342243,-5.922339883632929,10.955163338456016,False,0.0
2022-01-08,0.7350428,2.6547463957667254,-5.868082626792324,10.778680742929751,False,0.0
2022-01-09,0.0865399,2.685744904114059,-5.722130829137286,11.414297264364592,False,0.0
2022-01-10,2.9086316,2.718266455375738,-5.447773828573815,10.83703658776075,False,0.0
2022-01-11,2.2913122,2.752389253106779,-5.361811971278309,11.615447369698902,False,0.0
2022-01-12,3.4357855,2.788131025135246,-5.898229831186374,11.776656696043865,False,0.0
2022-01-13,9.882131,2.8254400070976993,-5.858267290379186,11.069902890138152,False,0.0
2022-01-14,3.7029445,2.8641884347325943,-5.902856179831776,11.201884417863392,False,0.0
2022-01-15,14.219927,2.9041689044441825,-5.257958427354365,11.217091558992443,True,3.002835441007557
2022-01-16,19.470633,2.945093865125752,-5.662753984753792,11.697898141439389,True,7.772734858560611
2022-01-17,2.3720105,2.9865983966165572,-5.6478064045736796,11.560808810346488,False,0.0
2022-01-18,0.69520956,3.0282463149468524,-6.025614083096667,11.075502811735983,False,0.0
2022-01-19,0.0012326571,3.069539525528607,-6.11005885226138,12.024923749790075,False,0.0
2022-01-20,1.0780683,3.1099304266104224,-5.477184131884073,12.133826899192268,False,0.0
2022-01-21,2.540877,3.148837050678935,-6.172366412407998,12.002680370022942,False,0.0
2022-01-22,2.2791183,3.1856605249477057,-5.138193566792136,12.009465824756427,False,0.0
2022-01-23,1.5039113,3.219804337362109,-4.725603915828607,11.74041847184183,False,0.0
2022-01-24,0.37353337,3.2506948150149153,-6.170356497637246,11.874819790962984,False,0.0
2022-01-25,1.5259813,3.2778021604502308,-5.389572024649834,12.106273476816844,False,0.0
2022-01-26,2.5520422,3.3006613503784847,-4.986245264933361,11.932806043652006,False,0.0
2022-01-27,4.875024,3.3188921825932414,-5.364321646036263,12.108668571833094,False,0.0
2022-01-28,9.949732,3.332217761386906,-5.347693188723741,11.74746440335594,False,0.0
2022-01-29,9.505261,3.3404807398240965,-5.082768113844556,11.894006120652879,False,0.0
2022-01-30,2.168238,3.343656688377852,-5.347144985518722,11.75084090231034,False,0.0
2022-01-31,3.2806294,3.341864032469968,-5.091232417421494,12.406304864037228,False,0.0
2022-02-01,2.1961474,3.3353700944412563,-5.3337700123071174,12.608792807239722,False,0.0
2022-02-02,1.1137145,3.3245928858052975,-4.658450509373774,12.155912684553769,False,0.0
2022-02-03,0.93494755,3.3100984201210126,-6.1132601334363486,12.265138970416722,False,0.0
2022-02-04,2.0151968,3.29259345174971,-5.103008477260081,12.524083429671082,False,0.0
2022-02-05,1.2210822,3.2729136870301048,-5.5606369081796165,11.932210948810116,False,0.0
2022-02-06,1.0903413,3.2520076576815913,-5.098995452730049,11.605971507398362,False,0.0
2022-02-07,0.4309231,3.230916586992862,-6.080379147429245,11.562589763709303,False,0.0
2022-02-08,0.1094636,3.2107507131083626,-5.875017244501086,11.370284460635267,False,0.0
2022-02-09,1.3381941,3.1926626561314233,-4.940068516997701,11.633991837263135,False,0.0
2022-02-10,0.20270923,3.1778185227554854,-5.383133328380564,11.649774177961767,False,0.0
2022-02-11,1.3041694,3.1673675300855817,-5.6702918453442575,11.634605815870291,False,0.0
2022-02-12,2.5613441,3.1624091839788813,-5.398943358472783,11.571359099144406,False,0.0
2022-02-13,3.2763133,3.1639679610355196,-5.803501191064532,11.252476151533228,False,0.0
2022-02-14,3.9386342,3.172958276536795,-5.153791125894782,12.137938932985925,False,0.0
2022-02-15,1.5543262,3.1901587502405038,-5.232035025898758,12.077496464134754,False,0.0
2022-02-16,1.9412305,3.2161875603325605,-5.526250721619504,12.015790273837315,False,0.0
2022-02-17,3.3569617,3.251481481787117,-5.283442880477243,12.256989819205222,False,0.0
2022-02-18,4.813276,3.296279301415955,-5.5445542315438825,12.019594602908501,False,0.0
2022-02-19,6.1537724,3.350610187232706,-5.929171161843998,12.133698521974676,False,0.0
2022-02-20,4.3964167,3.4142874554199483,-5.3265355681078335,12.351994270208431,False,0.0
2022-02-21,0.78807616,3.4869080278994122,-4.33253977278437,12.658046975535312,False,0.0
2022-02-22,1.9834052,3.5678577115906336,-5.849655468482471,12.072692478592304,False,0.0
2022-02-23,2.2921226,3.656322261603743,-4.952931329148161,12.483929425422607,False,0.0
2022-02-24,1.9773278,3.751304019880841,-4.436920552341072,13.011874117012455,False,0.0
2022-02-25,1.4714947,3.8516437533008143,-4.455129183022921,13.209369809206597,False,0.0
2022-02-26,1.3370726,3.9560471561167683,-4.994739131161234,12.66910434610487,False,0.0
2022-02-27,3.7978504,4.063115335778081,-5.4769308724810735,12.542204630591998,False,0.0
2022-02-28,3.4969046,4.171378473286954,-4.818653065156416,12.647325638925706,False,0.0
2022-03-01,0.96372753,4.2793317433966855,-4.506331124040395,13.301449886272705,False,0.0
2022-03-02,2.2253084,4.385472499751469,-3.6376906306131316,12.395299993148006,False,0.0
2022-03-03,3.747272,4.48833767825092,-4.158129286190621,13.093914097096649,False,0.0
2022-03-04,9.911064,4.586540350540747,-4.153395640404554,13.242046777559823,False,0.0
2022-03-05,14.413751,4.678804369659832,-4.180254145962413,13.018973400254408,True,1.3947775997455913
2022-03-06,6.2396765,4.763996091718168,-4.36183070163424,13.608405101044497,False,0.0
2022-03-07,0.77983767,4.841152230216838,-3.776085218781925,12.986834675153958,False,0.0
2022-03-08,1.6013997,4.909503001572461,-4.224360381595323,14.361565516914329,False,0.0
2022-03-09,1.3111167,4.968489848918146,-4.173368003395329,13.745706060067603,False,0.0
2022-03-10,2.3707778,5.017777182883261,-3.8664473504144365,14.105698742405513,False,0.0
2022-03-11,1.4502844,5.057257748574914,-2.8191925784193215,13.454625713276945,False,0.0
2022-03-12,3.1703832,5.0870514126038335,-3.2962438267041025,13.523443252634175,False,0.0
2022-03-13,3.6058986,5.107497357345951,-3.1455481138646717,13.883317777556604,False,0.0
2022-03-14,3.9107158,5.119139866109626,-4.404106934711203,14.028530747517737,False,0.0
2022-03-15,3.421502,5.122708076590889,-3.955621604969994,13.46062873901288,False,0.0
2022-03-16,6.620549,5.119090265185915,-3.890990873023377,14.037992596323507,False,0.0
2022-03-17,3.8200123,5.109303395667061,-3.1858461140636614,14.018195671732375,False,0.0
2022-03-18,4.042064,5.094458817158577,-4.004089735887425,13.857022013949488,False,0.0
2022-03-19,2.7742581,5.075725123443006,-3.801809096599239,13.608657423430857,False,0.0
2022-03-20,2.2542236,5.054289284233267,-3.5842267183585346,13.668352369777423,False,0.0
2022-03-21,12.087223,5.031317225843781,-3.8659862696054463,13.51325715885728,False,0.0
2022-03-22,22.042881,5.007915071182476,-3.2916302235001678,13.275249718636333,True,8.767631281363668
2022-03-23,10.428004,4.985092245736137,-3.5766704213887355,13.700341241383144,False,0.0
2022-03-24,8.115258,4.963727616780125,-3.5752034365127137,13.716837688862825,False,0.0
2022-03-25,1.9055312,4.944539758064026,-3.384010903438495,13.814252349480673,False,0.0
2022-03-26,7.730952,4.928062323402711,-3.6125130198013893,13.798174065804941,False,0.0
2022-03-27,12.853357,4.914625372668074,-3.5868409351173183,14.090346768147215,False,0.0
2022-03-28,3.2881083,4.904343326330119,-3.6503466454423124,13.56240713330662,False,0.0
2022-03-29,3.831629,4.8971100344603595,-3.998554975333026,13.211261358593541,False,0.0
2022-03-30,4.3291483,4.892601238319844,-4.272418671697345,13.52767817576735,False,0.0
2022-03-31,2.6267385,4.890284483140706,-4.132852990687271,13.044955127180796,False,0.0
2022-04-01,2.4502935,4.889436315841804,-3.52190520191587,14.03375209200112,False,0.0
2022-04-02,1.5073684,4.889166377706566,-4.044082330467651,13.95185095233395,False,0.0
2022-04-03,6.3685074,4.888447786148272,-4.3003636631250135,13.305060385267739,False,0.0
2022-04-04,5.6710196,4.886152998060011,-3.484320712949705,14.742779228826818,False,0.0
2022-04-05,0.844823,4.881094166059944,-4.427020333819583,13.624219615346458,False,0.0
2022-04-06,2.9689977,4.872066843827555,-3.505846209818206,13.961965437433099,False,0.0
2022-04-07,2.2573233,4.857895772673682,-4.479079488253183,13.520801481993907,False,0.0
2022-04-08,2.061579,4.837481392584057,-4.16010335784853,13.222237186300973,False,0.0
2022-04-09,5.122428,4.80984567041665,-3.7504598316123783,13.685610235320484,False,0.0
2022-04-10,2.2197878,4.7741758277735125,-3.7120665240373656,13.819912565002566,False,0.0
2022-04-11,0.66299766,4.729864582267997,-4.016998328875759,13.542044825621263,False,0.0
2022-04-12,0.3373685,4.676545588203548,-4.341802855128198,13.166119812234413,False,0.0
2022-04-13,1.4522705,4.614122874630527,-3.7524385074189444,13.541959014212125,False,0.0
2022-04-14,0.09135405,4.542793227741093,-4.33226864768539,13.353715284260325,False,0.0
2022-04-15,0.3326858,4.463060646862563,-3.594494257672624,13.613435609349546,False,0.0
2022-04-16,2.3657727,4.375742214193472,-3.9730617073062953,13.573270580292666,False,0.0
2022-04-17,4.0021405,4.280551532669927,-4.447407805527142,12.639668429546228,False,0.0
2022-04-18,0.8421636,4.180326654263919,-4.1162722624818695,12.567844122062857,False,0.0
2022-04-19,2.4124196,4.076768387312134,-4.893270770731094,13.091182156324928,False,0.0
2022-04-20,10.187229,3.9718235255599486,-4.092348338805135,12.290565399785635,False,0.0
2022-04-21,1.6622351,3.8676465051209323,-4.925658466329736,12.937594297425248,False,0.0
2022-04-22,1.3883201,3.7665537577891213,-4.751865177741105,13.024735803057135,False,0.0
2022-04-23,4.291792,3.670971834580796,-4.981524880568392,11.345458197106236,False,0.0
2022-04-24,3.3169258,3.583380571990414,-4.956631421013099,12.277076678682635,False,0.0
2022-04-25,8.866795,3.5062527396093603,-4.86807039423152,11.961773545006393,False,0.0
2022-04-26,3.0390687,3.4419917363110333,-4.582439018419498,12.271100441606333,False,0.0
2022-04-27,1.1882322,3.3928689889176042,-5.558508542298935,11.980538194253153,False,0.0
2022-04-28,4.156698,3.3609627491274128,-5.471521927978873,12.431195670717981,False,0.0
2022-04-29,4.0745783,3.3480999796463125,-5.564845098525352,12.15427475144438,False,0.0
2022-04-30,1.6444836,3.355802968419919,-5.506701930454454,12.10485363733442,False,0.0
2022-05-01,3.0408382,3.3852422114020895,-5.500494967518086,11.92853219297637,False,0.0
2022-05-02,7.5217614,3.4371969615484925,-5.855095919788299,11.903015279210944,False,0.0
2022-05-03,3.5143,3.512024658065564,-5.5686937751865,12.271533128881094,False,0.0
2022-05-04,3.8242695,3.609640229986981,-5.586289773078104,12.459548598159682,False,0.0
2022-05-05,5.1300344,3.729506017512835,-4.605467231675264,12.275633583115427,False,0.0
2022-05-06,3.81982,3.870632779834945,-4.728037743190721,12.830103641163307,False,0.0
2022-05-07,6.0186768,4.031591966694462,-4.626834734678046,12.967567165626226,False,0.0
2022-05-08,3.757242,4.210539130556388,-3.987596156093767,12.992459884567927,False,0.0
2022-05-09,2.2741687,4.40524805525127,-4.579720784787154,13.190562972603411,False,0.0
2022-05-10,1.0610543,4.613154883532221,-4.265126668011061,13.349669349653709,False,0.0
2022-05-11,3.174505,4.831411248399483,-3.4091420850642167,13.832533064026,False,0.0
2022-05-12,3.218045,5.056945159133243,-4.11863152511424,13.644408709629277,False,0.0
2022-05-13,5.549907,5.28652816991688,-3.393096242337066,13.838152971407894,False,0.0
2022-05-14,3.491464,5.516847173280773,-2.8172866418893254,13.999931530321991,False,0.0
2022-05-15,3.2671638,5.744579017739562,-2.9671477109208997,14.514985622621792,False,0.0
2022-05-16,1.9669505,5.966466053390469,-3.3577972320697778,14.433805266487864,False,0.0
2022-05-17,1.7614017,6.1793906638724145,-2.680605420150194,15.022187465897797,False,0.0
2022-05-18,0.15909772,6.380446849727352,-2.980693583072656,15.168384648675868,False,0.0
2022-05-19,0.29839608,6.567006987167558,-1.440689686972315,15.105462995319657,False,0.0
2022-05-20,5.0629687,6.736781996342073,-2.322452934450431,15.237100332576471,False,0.0
2022-05-21,2.4459631,6.8878733119077715,-2.1937681245317506,15.816917370773593,False,0.0
2022-05-22,5.879115,7.018815252063327,-1.399979956552311,15.655791871901712,False,0.0
2022-05-23,11.511595,7.128606625110458,-1.1458012977453225,15.97471730597995,False,0.0
2022-05-24,10.367428,7.216730688626914,-1.4643126925419785,16.117206010323454,False,0.0
2022-05-25,18.237219,7.283162878357791,-1.5934410978022706,15.120815190143047,True,3.116403809856953
2022-05-26,12.493035,7.32836604380635,-1.277234355690966,15.512521634458784,False,0.0
2022-05-27,8.761647,7.35327325674455,-1.645428165094854,16.46055484966325,False,0.0
2022-05-28,89.9642,7.3592585885390704,-1.1761195842533765,15.891074170184456,True,74.07312582981555
2022-05-29,26.446712,7.348096573384666,-1.2051155874752097,16.869677469125122,True,9.57703453087488
2022-05-30,52.305065,7.321911378452718,-1.4076133241119655,15.220732015842833,True,37.084332984157165
2022-05-31,7.3398557,7.2831169802851665,-1.8228008236373174,15.408495619731145,False,0.0
2022-06-01,4.159707,7.234349891768778,-0.7312894916107792,16.141323422334306,False,0.0
2022-06-02,5.2577944,7.178396188910606,-1.722662643677691,15.403582926179913,False,0.0
2022-06-03,8.783067,7.118114745637998,-1.608552533527077,15.906588059268325,False,0.0
2022-06-04,17.089764,7.056358693426112,-1.7286036838091012,14.865461406390002,True,2.2243025936099965
2022-06-05,4.7104077,6.995897177543448,-1.5145660936713767,15.274065602030209,False,0.0
2022-06-06,6.2497287,6.9393394813599025,-2.23976973412885,15.414637033084542,False,0.0
2022-06-07,8.034611,6.889063534289376,-1.4533373072672013,14.998233897431613,False,0.0
2022-06-08,2.9851692,6.847150708778737,-1.4539227669628703,15.650370545724863,False,0.0
2022-06-09,9.6667595,6.815328650131974,-2.2168244592729542,14.963714051537785,False,0.0
2022-06-10,3.2014418,6.794923674032925,-1.8572641512813435,14.858311621469134,False,0.0
2022-06-11,11.52055,6.786824015896114,-2.3650244928410693,16.081379512786096,False,0.0
2022-06-12,0.5702943,6.791454930287402,-2.480240140968675,14.976557262698858,False,0.0
2022-06-13,0.86012214,6.80876632523395,-1.7944556204347077,15.722051051654134,False,0.0
2022-06-14,2.49403,6.838233283680094,-2.157126563208353,15.850528072238559,False,0.0
2022-06-15,4.050354,6.878869481578504,-1.993986915688294,15.740246557807694,False,0.0
2022-06-16,8.99647,6.92925316836989,-1.5442404745798473,15.198316315625005,False,0.0
2022-06-17,2.0999885,6.987565040171027,-0.8832425690714439,15.397440563702324,False,0.0
2022-06-18,0.037767317,7.051637017937045,-2.5326295566193022,15.822073876134839,False,0.0
2022-06-19,0.9859352,7.119010650794067,-1.841393062916709,16.47405414907393,False,0.0
2022-06-20,8.463058,7.1845095405056485,-1.9233820808526236,16.301952117733794,False,0.0
2022-06-21,1.8147479,7.247794362150696,-2.1541710402815175,16.47799654204724,False,0.0
2022-06-22,69.5485,7.305957894675795,-1.2476408434017403,16.66822203867023,True,52.880277961329774
2022-06-23,10.64963,7.356098677210533,-1.5323888870614861,16.068351642596337,False,0.0
2022-06-24,11.134152,7.395400851717282,-1.8289649923241287,16.54864998254721,False,0.0
2022-06-25,1.4592484,7.4212121409534255,-1.5756041200919055,16.258876086655434,False,0.0
2022-06-26,0.5430662,7.431117893329619,-1.185990096142912,16.067937191890874,False,0.0
2022-06-27,3.5224085,7.42300923020283,-0.4210430119220282,16.403218926865467,False,0.0
2022-06-28,2.8920238,7.395143487593582,-1.7593034943438248,16.761648580375486,False,0.0
2022-06-29,7.1475697,7.346195348981181,-1.8693290177230226,16.01118651671382,False,0.0
2022-06-30,5.459873,7.275297313168084,-1.3349644155723095,15.580427489988507,False,0.0
2022-07-01,10.904113,7.18206842451414,-1.8062776560558615,16.037820372863152,False,0.0
2022-07-02,12.8737955,7.066630504411803,-2.655822757410931,15.500549872505836,False,0.0
2022-07-03,4.9875803,6.929611454306874,-2.2371179241536474,15.374465959642164,False,0.0
2022-07-04,12.041884,6.772135542872913,-2.167410444948249,15.689400490124134,False,0.0
2022-07-05,5.073124,6.595800933895188,-1.8472659457015008,15.96206926102811,False,0.0
2022-07-06,3.169505,6.4026450477348895,-2.5369273704579585,14.948236104204742,False,0.0
2022-07-07,8.845947,6.1950986688998135,-2.727378659864279,15.195875846712541,False,0.0
2022-07-08,5.237286,5.975930006671412,-2.707368501579434,14.185488999775414,False,0.0
2022-07-09,5.142771,5.748180177067015,-3.5964047024096817,14.607251968898392,False,0.0
2022-07-10,3.466657,5.515091795733435,-3.368985839590853,14.085789465117983,False,0.0
2022-07-11,2.15642,5.280032546860939,-3.0239348591752404,13.28929738504988,False,0.0
2022-07-12,0.59811276,5.046415718252124,-3.749920638818609,13.559175524049099,False,0.0
2022-07-13,5.5762415,4.817619764223705,-4.233397484481677,13.56073648039342,False,0.0
2022-07-14,0.87824696,4.596908974219682,-4.135983312319399,13.1500983219278,False,0.0
2022-07-15,1.5353189,4.387357285820256,-4.449344488172183,13.26708753313353,False,0.0
2022-07-16,6.492384,4.191777187428842,-4.545980768782953,12.968299258467615,False,0.0
2022-07-17,7.960968,4.012655511206678,-4.577779259600408,12.57900853581169,False,0.0
2022-07-18,2.1277437,3.852097724907972,-4.75003772088044,12.44206045459894,False,0.0
2022-07-19,3.0473073,3.711782097586386,-4.348335177274654,12.257281136856227,False,0.0
2022-07-20,3.5654886,3.5929248452819604,-4.766686656169307,11.865678461692085,False,0.0
2022-07-21,11.242427,3.4962570661867383,-4.628770522276942,12.185172414315833,False,0.0
2022-07-22,9.019843,3.422013958615329,-5.533103692119347,12.233978946116128,False,0.0
2022-07-23,2.1104782,3.3699364880769562,-5.345932631964516,11.770075052334024,False,0.0
2022-07-24,4.9900627,3.3392853407315766,-5.291336122490067,11.954230865988768,False,0.0
2022-07-25,1.7031608,3.3288666784481475,-5.175423168506448,12.528494919249658,False,0.0
2022-07-26,2.363202,3.33706890424237,-5.761964461586949,11.817844308764826,False,0.0
2022-07-27,4.0638824,3.3619093642054465,-4.358160532936804,12.055828222429199,False,0.0
2022-07-28,2.211729,3.4010896606606016,-5.294510945877718,12.609974731556937,False,0.0
2022-07-29,2.3578765,3.452058037724668,-5.195323296132121,12.894042469843232,False,0.0
2022-07-30,6.823003,3.512077130214159,-5.554296242526221,12.36104495843274,False,0.0
2022-07-31,2.6308088,3.5782952441709615,-4.020873831259703,12.682965699224003,False,0.0
2022-08-01,2.2319233,3.6478192650962558,-5.3177612670326555,11.877639643989237,False,0.0
2022-08-02,11.034192,3.7177872697926366,-5.098192928609513,11.987261683290193,False,0.0
2022-08-03,22.195763,3.785438949586629,-5.076003338089924,12.462081054006592,True,9.733681945993407
2022-08-04,9.483512,3.8481820352680627,-4.832726228307013,12.6391400076968,False,0.0
2022-08-05,5.4127603,3.9036530446030255,-5.393664638199632,12.627436457653156,False,0.0
2022-08-06,1.0485576,3.949770847717791,-4.607056621350349,12.819896678034723,False,0.0
2022-08-07,5.3800907,3.9847817587556498,-5.045943980981017,12.312360009488252,False,0.0
2022-08-08,0.021825233,4.007295107806003,-4.570080080362089,12.370005420362084,False,0.0
2022-08-09,0.40188077,4.016308518066662,-4.890094045186523,12.374279417530886,False,0.0
2022-08-10,0.20178656,4.01122240184444,-4.434600066902238,12.867131065242745,False,0.0
2022-08-11,2.9418833,3.9918434872049997,-4.291445915925399,12.546862917892366,False,0.0
2022-08-12,2.9372787,3.9583774865301535,-5.13530532824254,11.920778833797288,False,0.0
2022-08-13,2.8680127,3.9114113106909945,-4.646701467552013,13.069709614738569,False,0.0
2022-08-14,0.1491712,3.8518855099923353,-5.165878759579574,12.798848413779679,False,0.0
2022-08-15,0.75839454,3.781057878041122,-4.923861625116525,12.46491705754839,False,0.0
2022-08-16,0.3715732,3.700459380420972,-5.367151000102929,12.490528818804998,False,0.0
2022-08-17,3.6046839,3.611843760665922,-5.749476852968839,12.705183085176264,False,0.0
2022-08-18,0.7111393,3.51713232663441,-5.0237346269090235,12.278697931726386,False,0.0
2022-08-19,2.1806688,3.418355527327135,-5.576908625912951,11.786076623003941,False,0.0
2022-08-20,0.5899777,3.317592991048408,-5.846143959019617,11.945905375410694,False,0.0
2022-08-21,3.687456,3.216913709468555,-5.379795140223885,11.841251321316072,False,0.0
2022-08-22,5.09306,3.1183180188325235,-5.674364167062179,12.456615486254224,False,0.0
2022-08-23,9.849248,3.0236829508229275,-6.240854202150154,11.420787999898362,False,0.0
2022-08-24,3.9640198,2.9347123995197055,-6.230133695766361,11.376349120179837,False,0.0
2022-08-25,1.7612119,2.8528934191343858,-6.144845060393413,11.547921232567328,False,0.0
2022-08-26,0.9972619,2.7794597028340187,-6.921294035427798,11.436163093250542,False,0.0
2022-08-27,6.0259995,2.715363165761544,-5.508882218806294,11.525087789147543,False,0.0
2022-08-28,3.0597982,2.6612542420566543,-6.238350437767862,11.361827928105239,False,0.0
2022-08-29,2.939198,2.617471277297297,-6.583018647006553,10.884079820308612,False,0.0
2022-08-30,1.101121,2.584039129808911,-5.969414567244331,10.900215225625237,False,0.0
2022-08-31,2.8079314,2.5606768319403317,-5.772824229300636,11.098335806517866,False,0.0
2022-09-01,2.6234474,2.546813908388124,-5.690477539825073,11.080320145358034,False,0.0
2022-09-02,3.7981038,2.5416147100510855,-6.110842569688797,11.013460414925026,False,0.0
2022-09-03,0.016617801,2.544009905252198,-5.781236430823175,11.855270496555232,False,0.0
2022-09-04,3.7379048,2.5527340813417014,-6.367991583062388,10.78523142191583,False,0.0
2022-09-05,4.9240017,2.566368253665533,-6.117698809623593,11.454682313190293,False,0.0
2022-09-06,5.354333,2.5833859596270843,-6.215278181424527,11.246346534613652,False,0.0
2022-09-07,1.4773663,2.6022015359880935,-5.894259053340595,11.507565591724214,False,0.0
2022-09-08,1.3058206,2.6212191393409796,-5.632769191865601,10.703915371526008,False,0.0
2022-09-09,0.2508895,2.638881073346525,-5.878312455231549,11.168424254264055,False,0.0
2022-09-10,3.87288,2.6537140311934184,-6.2889915167838,11.777531616815091,False,0.0
2022-09-11,2.7524142,2.6643719458906028,-5.780546659890249,11.061038558660123,False,0.0
2022-09-12,0.45591927,2.6696742614939,-5.5175118977623665,11.386018671427713,False,0.0
2022-09-13,1.0822201,2.6686385912194357,-6.782293225298133,12.134304803928217,False,0.0
2022-09-14,1.8685441,2.6605069087052913,-6.484665935861257,11.58734930877769,False,0.0
2022-09-15,1.3804779,2.644764620916906,-6.715460673395397,11.503105376914267,False,0.0
2022-09-16,0.41015032,2.621152089125659,-6.226631668232456,11.726433767512376,False,0.0
2022-09-17,1.5214858,2.5896683915740972,-6.641713231650283,11.162827867131353,False,0.0
2022-09-18,2.2358751,2.550567351096679,-5.9773871482453185,11.503132672009862,False,0.0
2022-09-19,0.2012451,2.504346076441787,-5.972816967866277,10.97836371846391,False,0.0
2022-09-20,1.6350877,2.451726480845471,-6.395484086032602,11.121302878162625,False,0.0
2022-09-21,0.56400067,2.3936304394241055,-6.304104740608031,10.447265465448844,False,0.0
2022-09-22,1.9445169,2.3311494227060052,-6.359813478437848,11.024561715192403,False,0.0
2022-09-23,1.1791233,2.265509592234385,-5.844294247899274,11.015392896920014,False,0.0
2022-09-24,0.4146599,2.1980334617808497,-6.701837045047911,10.435057180980552,False,0.0
2022-09-25,1.7348807,2.1300993112250897,-6.5476027018523135,10.970427852723283,False,0.0
2022-09-26,0.8228504,2.063099587685207,-7.027626000241081,11.473457842407184,False,0.0
2022-09-27,0.23911132,1.998399539098199,-6.393692215521865,11.193611120645981,False,0.0
2022-09-28,1.2738304,1.9372972993616597,-7.63753521870466,11.117064086853269,False,0.0
2022-09-29,0.46155486,1.8809865826534424,-6.633014275244409,10.951765870527975,False,0.0
2022-09-30,0.70061946,1.8305230498848042,-7.096359102893017,10.372074031473398,False,0.0
2022-10-01,1.5515965,1.7867952857322214,-6.620957583062903,10.833814280999439,False,0.0
2022-10-02,2.939297,1.7505011743134733,-7.012611442268911,10.523587821443536,False,0.0
2022-10-03,0.63960975,1.7221302901827942,-7.611987024805729,10.078219160687047,False,0.0
2022-10-04,0.23972543,1.7019527341992857,-6.93667429519006,9.95852675153293,False,0.0
2022-10-05,0.82197416,1.6900146467295296,-7.644189906158162,10.038206241850048,False,0.0
2022-10-06,2.4440966,1.686140429500464,-7.254677987000399,10.08785547814205,False,0.0
2022-10-07,2.731911,1.689941508262653,-6.4431425353292715,10.131111089137562,False,0.0
2022-10-08,1.6137924,1.7008312770317207,-7.783560244151902,10.144335886933337,False,0.0
2022-10-09,2.082192,1.7180456866989111,-6.751322711455225,10.433857248801857,False,0.0
2022-10-10,3.3217425,1.74066878122468,-7.617569880933814,10.545614568593876,False,0.0
2022-10-11,3.032263,1.7676623480001195,-6.742207395023966,10.475370881138417,False,0.0
2022-10-12,1.1167202,1.797898738973037,-7.23869782255775,10.078324543257507,False,0.0
2022-10-13,2.9630513,1.8301958387171071,-6.921643101646408,10.545375491372166,False,0.0
2022-10-14,1.4825289,1.8633531067292477,-6.187742493272863,11.009260608869646,False,0.0
2022-10-15,2.4431639,1.8961876049201902,-6.998183743212184,10.708579178368913,False,0.0
2022-10-16,3.1040385,1.9275689375736151,-7.014796791469044,10.98681942853451,False,0.0
2022-10-17,3.0722113,1.9564520789991369,-6.502134738627808,10.27669665342784,False,0.0
2022-10-18,2.9372902,1.9819071419386305,-6.465428411978051,10.383537507640728,False,0.0
2022-10-19,2.3613565,2.0031452446739095,-6.467790946027861,10.321545252338522,False,0.0
2022-10-20,0.6685326,2.0195397633358203,-6.807750088412898,10.740799316284999,False,0.0
2022-10-21,0.31304651,2.030642403881443,-6.756081960850046,10.014123079530213,False,0.0
2022-10-22,2.2935784,2.036193690985817,-6.495284769025076,11.042831186351814,False,0.0
2022-10-23,0.99793637,2.036127643578385,-6.302298463916843,10.914248110510037,False,0.0
2022-10-24,0.4514191,2.030570583663426,-5.683821998517256,10.684324731498588,False,0.0
2022-10-25,0.5056361,2.019834201054479,-7.310936064637145,11.016842547581588,False,0.0
2022-10-26,0.1213087,2.004403166470075,-6.596787718761843,10.87332050588701,False,0.0
2022-10-27,0.85997593,1.9849177459468308,-6.637986750023734,11.46533940318948,False,0.0
2022-10-28,0.66654515,1.962152001012483,-6.365729110409322,10.340405894771914,False,0.0
2022-10-29,0.12692945,1.9369883104560335,-6.894654493564586,10.682044989279692,False,0.0
2022-10-30,0.24627563,1.9103890113581856,-6.842594099912659,10.360434561461535,False,0.0
2022-10-31,0.9816114,1.8833660592162085,-6.659070074467897,10.046407731392158,False,0.0
2022-11-01,0.3556684,1.8569496415826585,-6.800379013609776,10.586820853070044,False,0.0
2022-11-02,0.2076437,1.832156698673086,-6.425487470262873,10.088079868422463,False,0.0
2022-11-03,0.12958944,1.809960292618681,-6.40404520041183,10.548593179220289,False,0.0
2022-11-04,2.1294615,1.791260727102606,-7.200830136551692,10.725988004032903,False,0.0
2022-11-05,4.932689,1.7768592526184983,-6.703153665881981,10.416979413821485,False,0.0
2022-11-06,2.125442,1.7674351019309489,-7.254694581997769,10.19014102604599,False,0.0
2022-11-07,2.2329867,1.763526488553835,-6.571534395370573,10.467599736503436,False,0.0
2022-11-08,1.1504306,1.7655160719247744,-6.594037390294142,11.10526408899917,False,0.0
2022-11-09,0.80340916,1.773621250557419,-7.272510581490239,10.453605075103143,False,0.0
2022-11-10,0.021437803,1.787889493361656,-7.366738150613639,10.27439455901985,False,0.0
2022-11-11,2.7599084,1.8081987642149084,-6.481075080526523,10.733374014518569,False,0.0
2022-11-12,4.0019975,1.8342629405429567,-6.437880219561228,10.903664576146847,False,0.0
2022-11-13,3.2224553,1.8656419778202795,-7.034091401566448,10.698526626838156,False,0.0
2022-11-14,3.0575342,1.9017564329775707,-6.649997492932096,10.822213112827239,False,0.0
2022-11-15,1.5688703,1.941905834809822,-7.024824947283931,10.701584713319692,False,0.0
2022-11-16,2.0523005,1.9852902822449117,-7.5312720726821505,10.249641269825098,False,0.0
2022-11-17,1.4825845,2.0310345647395778,-7.218460380553367,10.900660781126945,False,0.0
2022-11-18,2.3633263,2.078214035520401,-6.715607681152123,10.738703734861895,False,0.0
2022-11-19,1.1107637,2.125881429442086,-6.9099231906655,10.667035669047971,False,0.0
2022-11-20,0.46258175,2.1730938037443517,-6.924711640094089,10.472511329166503,False,0.0
2022-11-21,0.5123497,2.218938791984044,-6.5533425393997025,11.089319434447807,False,0.0
2022-11-22,3.8373964,2.262559398114625,-6.743004227691094,10.767322028590497,False,0.0
2022-11-23,1.9525915,2.30317661760443,-5.620079905782631,10.848519388039472,False,0.0
2022-11-24,1.615246,2.34010925336883,-6.560085843274864,11.31958535325474,False,0.0
2022-11-25,1.0640193,2.3727903933366763,-6.225575192702316,10.74206823135188,False,0.0
2022-11-26,1.4456527,2.400780130277258,-6.410519966289308,11.045946880371632,False,0.0
2022-11-27,1.5074677,2.423774229327578,-6.035526163331112,10.497609205640925,False,0.0
2022-11-28,2.2087805,2.44160858036369,-7.118640116947727,10.953997230271774,False,0.0
2022-11-29,1.345852,2.4542594067537866,-6.744959119412293,10.85028793029032,False,0.0
2022-11-30,14.241306,2.4618393348010077,-6.620775772336873,11.289032505432331,True,2.9522734945676685
2022-12-01,2.2039595,2.464589555201334,-5.599675921197541,11.901021229454212,False,0.0
2022-12-02,1.0300888,2.4628684251504254,-6.735303446664604,10.600893015657807,False,0.0
2022-12-03,3.5359364,2.4571369637697993,-5.770986161331098,10.893921300625202,False,0.0
2022-12-04,3.1164768,2.4479417811903623,-6.293896151729341,11.516989259718695,False,0.0
2022-12-05,10.936301,2.4358960503581226,-6.063570704562364,10.575050797173509,True,0.3612502028264917
2022-12-06,3.736123,2.421659178526479,-5.8157160527744365,10.516896411632143,False,0.0
2022-12-07,0.8766651,2.4059158612289675,-5.934690706681655,11.972850548590992,False,0.0
2022-12-08,1.9455855,2.3893552047921043,-6.1885403204541065,11.029069473284869,False,0.0
2022-12-09,1.9661669,2.3726505843710965,-5.858191988283426,11.177559381730902,False,0.0
2022-12-10,0.78292954,2.356440864022845,-6.140061252071503,11.319737708394392,False,0.0
2022-12-11,2.440422,2.341313545084527,-6.802728974501195,11.189577869244937,False,0.0
2022-12-12,3.0600963,2.3277903313515145,-6.5444967699635335,11.194830695363585,False,0.0
2022-12-13,0.69520354,2.3163155070359833,-6.607298374727072,10.81411516066293,False,0.0
2022-12-14,0.76868004,2.3072474194727155,-6.345475504066147,11.47864146329929,False,0.0
2022-12-15,0.29373205,2.300853246597117,-6.020205159620556,10.900475873739666,False,0.0
2022-12-16,0.082051426,2.29730711317601,-6.250900214598505,10.968714453815894,False,0.0
2022-12-17,1.5024921,2.296691503501086,-6.849848664959328,11.109056467124828,False,0.0
2022-12-18,0.8639972,2.2990018056611294,-5.78818731672362,10.92554253217992,False,0.0
2022-12-19,0.18788609,2.3041537172992412,-6.390742981514452,10.573065593849805,False,0.0
2022-12-20,0.9951168,2.3119931483954224,-6.489305162447586,10.772267168631592,False,0.0
2022-12-21,0.81552947,2.3223081761435456,-6.009090013499634,11.398731441374153,False,0.0
2022-12-22,1.3056878,2.334842543031206,-6.420020583760482,11.637810096492222,False,0.0
2022-12-23,2.2953005,2.349310143755963,-5.9806192744578155,11.19181224496638,False,0.0
2022-12-24,3.6940145,2.3654099210667683,-6.171221761816104,11.231863727332899,False,0.0
2022-12-25,2.9181938,2.38284058567785,-6.607052216133745,11.726613609781705,False,0.0
2022-12-26,0.8441869,2.4013145911394744,-6.310994341951517,10.68609812145964,False,0.0
2022-12-27,2.096767,2.4205708302695665,-5.859677321944937,11.607007276002909,False,0.0
2022-12-28,3.6952312,2.4403855741573857,-5.900244261646042,10.996241773507313,False,0.0
2022-12-29,2.6242552,2.4605812458614302,-6.087637240474802,11.104038279050002,False,0.0
2022-12-30,2.0784385,2.4810327294477763,-6.613559857831122,11.237534518165717,False,0.0
2022-12-31,1.8316544,2.5016708725524923,-6.318869143613715,10.933779661101948,False,0.0
2023-01-01,4.5231824,2.5224832926831953,-7.029947496718063,11.167542851722311,False,0.0
2023-01-02,4.2134833,2.543512242769932,-6.220976908857245,11.61157086569181,False,0.0
2023-01-03,1.9693037,2.5648497482556527,-6.878068244296599,11.35609451914248,False,0.0
2023-01-04,0.5246594,2.5866301949104002,-6.141982144296176,11.067837174835118,False,0.0
2023-01-05,1.2695163,2.60902066866616,-6.1693010599523594,10.62107380230053,False,0.0
2023-01-06,0.8673615,2.6322094372795846,-6.108898315065549,10.854047235470995,False,0.0
2023-01-07,0.7518553,2.6563930385736816,-5.918228152572736,11.690160031602034,False,0.0
2023-01-08,1.0286884,2.6817624987333586,-6.285809565960109,11.159377831497832,False,0.0
2023-01-09,1.6686609,2.708489244475281,-5.969471913123689,11.78273863035493,False,0.0
2023-01-10,1.2848142,2.7367112933481432,-5.907430787660036,11.524731109721534,False,0.0
2023-01-11,2.2792184,2.7665203060793324,-5.248138598320963,11.660906275337448,False,0.0
2023-01-12,0.6565733,2.7979500635791785,-5.438626078266913,11.067278902004112,False,0.0
2023-01-13,2.125043,2.8309668894594946,-5.684802433292926,12.225274087372846,False,0.0
2023-01-14,1.9568286,2.8654624779541216,-5.666218755042691,11.539388292388512,False,0.0
2023-01-15,10.567755,2.9012495087721835,-5.977168434592558,12.125916587407648,False,0.0
2023-01-16,2.1509562,2.93806033718101,-6.131711478347438,11.823551391714442,False,0.0
2023-01-17,10.111018,2.9755489424427304,-6.255064196200527,11.605563964797708,False,0.0
2023-01-18,8.02811,3.0132962040787934,-5.672762580210481,11.629779433085439,False,0.0
2023-01-19,5.7345915,3.0508184570047003,-6.095290935130611,11.477513263589223,False,0.0
2023-01-20,3.7325597,3.0875791573295803,-5.23277667100666,12.51001710515845,False,0.0
2023-01-21,0.027047098,3.123003374552222,-5.230233385359261,11.75927565091495,False,0.0
2023-01-22,1.0152012,3.1564947169608426,-5.429825925949249,11.883890467051081,False,0.0
2023-01-23,2.092481,3.187454199044053,-5.876286356648534,12.747026265918693,False,0.0
2023-01-24,1.999906,3.2153004761002504,-5.852786441618814,12.067648132729289,False,0.0
2023-01-25,0.61765605,3.2394908050388334,-5.939633240385427,11.90464118906344,False,0.0
2023-01-26,1.4718256,3.2595420441106717,-5.895515985997956,11.805193061622852,False,0.0
2023-01-27,1.583468,3.2750509798865246,-5.794653963292757,12.68944143965282,False,0.0
2023-01-28,0.81542134,3.2857132684507397,-5.739869976224648,12.064429725512174,False,0.0
2023-01-29,0.5702588,3.291340299951306,-5.505223383502829,12.425051823993966,False,0.0
2023-01-30,0.69752663,3.291873341118189,-5.594579970187443,12.105904111834162,False,0.0
2023-01-31,2.9057646,3.2873943780746044,-5.837415340938529,12.76884508456126,False,0.0
2023-02-01,3.4586723,3.2781331699778296,-4.972193421028593,11.961335762306932,False,0.0
2023-02-02,1.0795593,3.2644701303040313,-5.48327496342754,11.301793962388379,False,0.0
2023-02-03,0.43357244,3.2469347738616308,-5.586360566704602,11.605864273793044,False,0.0
2023-02-04,4.2963095,3.226199600297548,-5.145081241868343,11.23754924365173,False,0.0
2023-02-05,3.6760695,3.2030694249643963,-5.322054504747809,11.711988502651474,False,0.0
2023-02-06,5.105679,3.1784663111891907,-5.469691243574988,12.214828923326166,False,0.0
2023-02-07,0.3512429,3.153410399799532,-6.045571557823986,11.784207311145325,False,0.0
2023-02-08,1.5532546,3.1289970676779166,-5.805033978703101,12.109925397591065,False,0.0
2023-02-09,3.4613826,3.106370972756068,-5.6325869867063885,11.675154629452324,False,0.0
2023-02-10,3.2494113,3.0866976540630406,-5.979607266453141,11.95494407852808,False,0.0
2023-02-11,2.720592,3.071133448465205,-6.051870791783326,11.768768427192697,False,0.0
2023-02-12,2.73356,3.0607945573209068,-5.685305980982417,11.611529603590826,False,0.0
2023-02-13,2.3111038,3.0567261437661344,-5.466239002615004,11.918472494624663,False,0.0
2023-02-14,2.316715,3.0598723628528495,-5.674145148364065,11.784880488398143,False,0.0
2023-02-15,2.2275987,3.071048221083407,-6.1168732326335835,11.749150133958599,False,0.0
2023-02-16,3.2266066,3.090914128734253,-6.131945873364551,12.45945380463678,False,0.0
2023-02-17,2.4255846,3.1199539482153265,-5.763888872537182,11.40209207007817,False,0.0
2023-02-18,1.2596931,3.158457255949887,-4.749861778750744,11.738322813291088,False,0.0
2023-02-19,2.4984703,3.206506426053892,-5.041459971258465,11.222740196941723,False,0.0
2023-02-20,3.401892,3.2639690143269555,-5.0342490454802755,12.107467466896455,False,0.0
2023-02-21,0.65796924,3.3304957744041124,-5.228199175934775,12.337401201785747,False,0.0
2023-02-22,8.062148,3.405524478463072,-5.403938496571783,11.636685634242921,False,0.0
2023-02-23,5.7884893,3.4882895473251327,-5.173875969733484,12.433039903876576,False,0.0
2023-02-24,3.5553536,3.577837324046577,-4.445950482555747,11.883464104599941,False,0.0
2023-02-25,4.052444,3.6730466562974367,-5.553114849981241,12.57534279334639,False,0.0
2023-02-26,2.0176716,3.772654291130521,-3.944687961105216,12.27571989559945,False,0.0
2023-02-27,1.7187821,3.875284436141183,-4.519535363971368,12.393112023050033,False,0.0
2023-02-28,1.1305732,3.9794817082170217,-4.946929114115416,12.099378640107192,False,0.0
2023-03-01,1.3209689,4.0837465793842975,-4.486688664625362,12.46958135756912,False,0.0
2023-03-02,1.4831325,4.186572342323873,-4.414233463628392,13.034266459147117,False,0.0
2023-03-03,0.3193948,4.286482559013772,-4.554482283776796,13.047757770554595,False,0.0
2023-03-04,0.79232585,4.382067926810223,-3.760758404856485,13.12104839473557,False,0.0
2023-03-05,0.8380973,4.472044027304763,-3.486226369738597,13.64861830794744,False,0.0
2023-03-06,1.4614787,4.555216284351856,-3.673424086116702,13.579482205085027,False,0.0
2023-03-07,0.8322385,4.630576455014411,-3.995817464087891,13.396059250007552,False,0.0
2023-03-08,2.6851656,4.697304495755304,-4.378200414840973,13.371246032829504,False,0.0
2023-03-09,1.776691,4.754787700570334,-3.5818784915645736,13.183966824856299,False,0.0
2023-03-10,0.76675713,4.802633981101308,-4.3260303262561575,13.183651348739268,False,0.0
2023-03-11,2.2024946,4.840678853797214,-3.9028635688715956,13.455876641371804,False,0.0
2023-03-12,2.6603618,4.86898588077813,-4.071472498644941,13.324360076774349,False,0.0
2023-03-13,2.9513545,4.8878405027445035,-3.9912010486074267,14.304359695008973,False,0.0
2023-03-14,1.7388244,4.897737398502395,-3.3651277792871968,14.127247948980695,False,0.0
2023-03-15,9.595237,4.899361700640197,-3.597257761966242,13.714069421969047,False,0.0
2023-03-16,10.58063,4.893564584741652,-3.954448331378337,13.106301772015467,False,0.0
2023-03-17,8.210379,4.881333924543867,-3.8004100054141308,13.80130492280755,False,0.0
2023-03-18,14.809075,4.863760862217735,-4.405795672629395,13.605198350414685,True,1.2038766495853146
2023-03-19,12.962361,4.842003276548724,-4.462370639523781,14.103220173394211,False,0.0
2023-03-20,8.468136,4.81724723787379,-4.522848450777887,12.937791027776433,False,0.0
2023-03-21,14.108049,4.790667613636564,-4.182476212836301,13.551854496906957,True,0.5561945030930424
2023-03-22,11.645512,4.763389029679111,-4.571096636715711,12.57837208378118,False,0.0
2023-03-23,2.6279168,4.7364483981438,-3.8496177325181304,13.052812420112371,False,0.0
2023-03-24,2.6023893,4.710760192454574,-4.048886529147083,13.562274133734618,False,0.0
2023-03-25,4.6103897,4.6870855836298855,-4.0313195462393,13.353865232146257,False,0.0
2023-03-26,13.691327,4.666006451602639,-3.6828136906206153,13.350783184053325,True,0.34054381594667404
2023-03-27,2.0521317,4.647905152758717,-4.228457889853412,13.312202393228544,False,0.0
2023-03-28,0.9729233,4.632950764009767,-4.015213050487252,13.402399223135774,False,0.0
2023-03-29,10.90455,4.621092338746121,-4.244419071036384,13.512030911705004,False,0.0
2023-03-30,9.555257,4.6120595060646,-4.3173979009021854,12.91162266067448,False,0.0
2023-03-31,1.904895,4.6053705275256505,-4.319097218381857,13.758434979610689,False,0.0
2023-04-01,0.8368281,4.600347701538997,-3.9020557731467127,13.141634816970429,False,0.0
2023-04-02,4.6917963,4.596139780861682,-3.1717389792562143,12.749516423036606,False,0.0
2023-04-03,1.2756416,4.591750850223287,-3.9615268863620288,13.101709977141365,False,0.0
2023-04-04,3.6973224,4.586074905297046,-3.7560912558835353,13.33482403527471,False,0.0
2023-04-05,3.82936,4.577935187386667,-4.55358874075542,13.573442172183144,False,0.0
2023-04-06,1.9443381,4.566127166079707,-4.446672183558399,12.33591640561189,False,0.0
2023-04-07,2.2389357,4.549463929866426,-4.376232439691408,13.415576562127086,False,0.0
2023-04-08,15.446991,4.526822646705456,-3.5029508061340437,12.86423248241648,True,2.582758517583521
2023-04-09,7.7451706,4.4971906961273564,-4.098031783016272,13.24817049064943,False,0.0
2023-04-10,4.0220003,4.4597100540787915,-4.431143752342577,13.172372539314605,False,0.0
2023-04-11,0.41675204,4.413718532544882,-4.045583504310869,13.069883522623154,False,0.0
2023-04-12,0.4039092,4.358786538094251,-4.660427352808894,13.088120945607688,False,0.0
2023-04-13,3.5149374,4.2947481157378204,-4.279833334696124,13.050910544016032,False,0.0
2023-04-14,1.4809318,4.221725184518158,-4.408884781662414,13.30225520463257,False,0.0
2023-04-15,1.237432,4.140144045641934,-4.501644781340763,12.60167024202066,False,0.0
2023-04-16,6.284038,4.050743448189028,-4.632019564133542,12.5838691827265,False,0.0
2023-04-17,5.7781167,3.95457372609887,-4.776837218688549,12.338979586974906,False,0.0
2023-04-18,4.79189,3.8529867670333258,-5.703256533950281,13.204312634545381,False,0.0
2023-04-19,1.8749843,3.7476168320281733,-4.527645677435752,12.154342642968128,False,0.0
2023-04-20,0.40879348,3.640352507362661,-4.864141780836244,11.68590240229618,False,0.0
2023-04-21,1.4847584,3.533300329339901,-5.083592637363462,12.335471128880119,False,0.0
2023-04-22,3.5596745,3.428740871226544,-5.743796874096626,11.921047898976331,False,0.0
2023-04-23,4.612231,3.3290783121863496,-5.351585798087576,12.332388738403946,False,0.0
2023-04-24,3.5579758,3.2367847138684573,-4.791337181753932,11.483407018423307,False,0.0
2023-04-25,5.0270343,3.154340405096806,-6.303986472975508,11.406699336996807,False,0.0
2023-04-26,4.567623,3.0841720134999027,-5.745460708811256,11.886227409078787,False,0.0
2023-04-27,2.191779,3.0285897804210213,-5.2592118897713,11.567530049271209,False,0.0
2023-04-28,1.195553,2.9897258487623937,-5.881389492707698,11.446966607299625,False,0.0
2023-04-29,1.5043262,2.9694752203279258,-5.923607486135067,11.656080415385496,False,0.0
2023-04-30,6.63949,2.969441038993235,-5.575964335632972,11.826211179044822,False,0.0
2023-05-01,5.4005637,2.9908857690002972,-5.427525976509233,11.237111412611696,False,0.0
2023-05-02,1.8197081,3.0346897057459454,-5.500881872899544,11.436588873328056,False,0.0
2023-05-03,3.2668164,3.1013180826076296,-5.778449424750153,11.701695487681327,False,0.0
2023-05-04,5.7020164,3.1907978259883385,-6.22901989926836,11.31333314043463,False,0.0
2023-05-05,4.314131,3.3027047671941396,-5.353231659944586,11.945101115980695,False,0.0
2023-05-06,0.7843845,3.43616185042187,-5.190852729563368,11.181600660417345,False,0.0
2023-05-07,1.8687172,3.589848588116457,-5.275989837216249,12.257216190601707,False,0.0
2023-05-08,1.8213779,3.7623338163071307,-5.425877379872843,12.685411398025876,False,0.0
2023-05-09,2.7693322,3.9511708994225923,-4.63131224317264,13.467285809202973,False,0.0
2023-05-10,1.6503662,4.153875741641565,-4.3541529500222325,12.937410055543358,False,0.0
2023-05-11,1.8605409,4.367665674691848,-3.909729900130327,12.956601596840043,False,0.0
2023-05-12,0.21109712,4.589518535091658,-4.328119469004877,13.296270797944615,False,0.0
2023-05-13,0.42670074,4.816238410986585,-4.165639083195528,13.662992215559374,False,0.0
2023-05-14,2.8375916,5.044526443393648,-3.4685470475055475,13.506420761251745,False,0.0
2023-05-15,0.9362029,5.271054912663638,-2.9574706489494242,14.116178048504588,False,0.0
2023-05-16,2.1323004,5.492542733228866,-3.096288199080467,14.550978431149456,False,0.0
2023-05-17,3.3085089,5.705830421525358,-2.66875663901584,14.96377402787559,False,0.0
2023-05-18,3.4966385,5.907952595572663,-2.721154776677746,14.425385388568596,False,0.0
2023-05-19,1.242492,6.096206110596245,-2.690272668505628,14.149027823606977,False,0.0
2023-05-20,2.5527725,6.268212032593773,-2.378186463322233,14.811292310382266,False,0.0
2023-05-21,7.3775415,6.421969798601595,-2.252647996802725,15.703491089684016,False,0.0
2023-05-22,4.291356,6.555902105059163,-2.1496005100456785,14.715488446480785,False,0.0
2023-05-23,8.037805,6.66888929923312,-1.836412419258693,15.734444664948063,False,0.0
2023-05-24,7.2621055,6.760292317050412,-1.9369373378444912,14.86590987672711,False,0.0
2023-05-25,3.369166,6.829963506942285,-1.9620787680329608,15.255104958142798,False,0.0
2023-05-26,3.3774302,6.878244995487083,-2.0600227013647743,15.181647740635016,False,0.0
2023-05-27,2.5569944,6.905954578378865,-1.4548057453225214,16.1056211638343,False,0.0
2023-05-28,3.88762,6.914359450639463,-2.1507448429865335,15.279327916714738,False,0.0
2023-05-29,5.5291057,6.905138414151878,-1.9983323654264442,15.099725616686637,False,0.0
2023-05-30,1.7311592,6.880333509626993,-1.4143359731349676,16.41776801658421,False,0.0
2023-05-31,3.213265,6.842292305589062,-1.3847527740907593,15.334942762725923,False,0.0
2023-06-01,1.4886384,6.793602330974337,-2.075918895576308,15.926256688577526,False,0.0
2023-06-02,7.0079327,6.7370193534388525,-1.5236725775939257,15.66615857009436,False,0.0
2023-06-03,1.5103234,6.675391376424994,-2.2016566893912732,15.97145587795416,False,0.0
2023-06-04,1.7897753,6.611580349559743,-2.1792909971303898,16.008818667397,False,0.0
2023-06-05,4.8475323,6.548383655580965,-1.428648403032258,15.588661575456948,False,0.0
2023-06-06,1.9854952,6.48845745054731,-2.631340519624041,15.723060577710074,False,0.0
2023-06-07,3.4313016,6.434243892028598,-2.0274573329735412,15.297397242493373,False,0.0
2023-06-08,10.338021,6.387904193194467,-3.159238642470386,14.649571213413116,False,0.0
2023-06-09,11.716999,6.351259291614537,-2.5570304261089687,14.987944758388133,False,0.0
2023-06-10,0.5887645,6.325739724019128,-2.6462031808067303,15.297216589411496,False,0.0
2023-06-11,12.895577,6.31234605740841,-2.8647232164484633,14.958696018585293,False,0.0
2023-06-12,1.6676974,6.311620949116396,-3.2582508278411595,15.158132536720018,False,0.0
2023-06-13,2.2232618,6.323633601139371,-2.6109239509762756,14.437816486101863,False,0.0
2023-06-14,12.458362,6.347977045438122,-2.13203009120958,15.473719454339529,False,0.0
2023-06-15,12.052906,6.38377835585003,-2.189699854522029,15.338227865952696,False,0.0
2023-06-16,2.9058812,6.429721537879055,-2.1664535752262077,14.664876041421252,False,0.0
2023-06-17,5.1636353,6.484082509263022,-2.3878223014867634,15.188670587322136,False,0.0
2023-06-18,2.0726786,6.544775260986869,-1.5000986888179078,15.388595820917795,False,0.0
2023-06-19,3.3561935,6.609407989070361,-1.5162905800825988,15.127967572900019,False,0.0
2023-06-20,6.3691096,6.675347720125604,-2.286969691392985,15.895745858051459,False,0.0
2023-06-21,3.396595,6.739791725579049,-2.7396602588957206,15.53394238637474,False,0.0
2023-06-22,5.924004,6.799843836807538,-1.6616279358348547,15.604310191211434,False,0.0
2023-06-23,7.4918213,6.8525936411855835,-1.665399483714666,15.819467090005412,False,0.0
2023-06-24,5.7594504,6.895196460772661,-2.55465669521273,16.084464873919725,False,0.0
2023-06-25,5.859594,6.924951993223413,-2.271174954989991,15.599701703745355,False,0.0
2023-06-26,18.676727,6.9393795290723705,-2.0951510286327863,15.955767544731545,True,2.7209594552684546
2023-06-27,11.489273,6.936287749894367,-1.7536553959909833,15.685026343071856,False,0.0
2023-06-28,12.143917,6.913837255500654,-1.1076022392736709,15.196536918004728,False,0.0
2023-06-29,11.653675,6.87059416141999,-1.6209288432988835,14.876722951573022,False,0.0
2023-06-30,22.383667,6.805573345176236,-2.0734098022433627,15.438843433941996,True,6.9448235660580035
2023-07-01,3.5160842,6.718270194860354,-1.52365467660719,15.101153928728106,False,0.0
2023-07-02,10.56345,6.608680018783582,-1.98934706615883,16.189405133773768,False,0.0
2023-07-03,3.787263,6.477304602275737,-1.7693133887982406,15.638789797456873,False,0.0
2023-07-04,1.3564986,6.325145738144148,-1.8551692906015766,15.473527856555732,False,0.0
2023-07-05,2.9546819,6.153685901720736,-2.7628932236673562,14.893404354192366,False,0.0
2023-07-06,6.2316456,5.964856580498374,-2.9263749617495636,14.74510776234808,False,0.0
2023-07-07,17.013964,5.760995093020245,-3.22397671033289,14.019197542864902,True,2.9947664571351
2023-07-08,7.0653396,5.5447910331615216,-3.408784927247755,14.109531009608665,False,0.0
2023-07-09,4.521053,5.319223746263409,-3.9491747415589016,14.64001879453273,False,0.0
2023-07-10,1.022169,5.087492475465161,-3.6182196802088447,13.457922499226285,False,0.0
2023-07-11,0.97834027,4.852942342047472,-3.8838218017209156,13.240821836628777,False,0.0
2023-07-12,0.64369196,4.61898143347312,-3.5522914563850265,13.67548173868908,False,0.0
2023-07-13,3.2623143,4.389004428275278,-4.064058379632749,14.035473051524871,False,0.0
2023-07-14,0.6605091,4.166311456623562,-4.742072161970695,14.133081725004258,False,0.0
2023-07-15,2.3870351,3.95403094031271,-3.9594644633333047,12.402556664066946,False,0.0
2023-07-16,2.7073839,3.755047047726724,-5.1740519288647215,12.470104929820259,False,0.0
2023-07-17,3.1037061,3.5719336051471147,-4.819769966984686,11.93929129412213,False,0.0
2023-07-18,2.3842795,3.4068961251741983,-5.391904178321987,11.809057402849115,False,0.0
2023-07-19,4.1631947,3.261723389231869,-5.425482436900564,12.079513384393723,False,0.0
2023-07-20,1.9278017,3.1377497603845734,-5.661022512552383,11.418566543755352,False,0.0
2023-07-21,2.075833,3.0358291122765704,-5.266669394246869,11.722360889605591,False,0.0
2023-07-22,4.0532937,2.9563209479361223,-5.585405751629825,11.290414408011815,False,0.0
2023-07-23,1.279023,2.8990889570252385,-5.786713320835304,12.017673868611258,False,0.0
2023-07-24,2.500722,2.8635119307681465,-6.181515983042442,11.048222601052117,False,0.0
2023-07-25,1.7452269,2.8485066291629875,-5.623536271166552,11.421048644822896,False,0.0
2023-07-26,1.7871611,2.852561883937952,-6.081315753184846,12.488631063101222,False,0.0
2023-07-27,4.7118735,2.8737829313822254,-5.861382823348352,11.666626798379248,False,0.0
2023-07-28,3.3619585,2.9099447093204307,-5.008200242283432,11.520158343771826,False,0.0
2023-07-29,1.477141,2.9585526289327713,-4.791919799696347,12.277247556382646,False,0.0
2023-07-30,2.3706803,3.016909150600561,-5.557776507357937,11.72176175390948,False,0.0
2023-07-31,0.8128034,3.082184358082959,-5.490902095574917,10.910542621988808,False,0.0
2023-08-01,0.78291076,3.1514886403126527,-5.580533100581943,11.704403422908987,False,0.0
2023-08-02,3.2722769,3.221945556861776,-5.720802891344218,11.667509272597883,False,0.0
2023-08-03,2.717107,3.2907629820420357,-5.047089345320936,12.85548370194251,False,0.0
2023-08-04,0.17114714,3.3553006927202897,-5.680001705634008,11.791552353345326,False,0.0
2023-08-05,0.36537176,3.413132683775895,-5.482123397692265,11.61603602106682,False,0.0
2023-08-06,4.7534423,3.4621026590297626,-5.664292751208461,12.06648222884573,False,0.0
2023-08-07,4.360866,3.5003713494844613,-4.922806997157998,12.128388323785023,False,0.0
2023-08-08,3.6615372,3.5264545487897063,-5.036779944789153,12.145819904233091,False,0.0
2023-08-09,0.4300028,3.5392510212000037,-4.811322587235047,12.296620557399226,False,0.0
2023-08-10,0.13232338,3.5380597222409853,-4.850368498079058,12.744558235940351,False,0.0
2023-08-11,4.668774,3.522586068907055,-5.460894373789041,12.17048704407766,False,0.0
2023-08-12,1.5434629,3.492937296122496,-4.961444487099586,12.160789108031912,False,0.0
2023-08-13,4.0102267,3.4496072311614956,-4.929434509481486,11.569552587877855,False,0.0
2023-08-14,5.4042225,3.3934510996447265,-6.035313012961244,12.680725462816392,False,0.0
2023-08-15,0.40882838,3.325651238009761,-5.444712934270886,11.959616455335674,False,0.0
2023-08-16,0.7002039,3.247674820983923,-6.093842666511917,11.33255642501995,False,0.0
2023-08-17,4.1379757,3.161224912478111,-5.500448839225493,12.237963119519968,False,0.0
2023-08-18,9.119827,3.068186309322562,-5.88936271229382,11.245232043931825,False,0.0
2023-08-19,10.772997,2.970567765401533,-5.9395838650212465,11.931272303971065,False,0.0
2023-08-20,3.2433615,2.8704422562767054,-5.988013226784719,11.766998792127193,False,0.0
2023-08-21,1.7057337,2.7698869698746176,-6.300778164053167,10.729818495227313,False,0.0
2023-08-22,1.3930993,2.6709246871566337,-6.489561749773346,12.258434058663166,False,0.0
2023-08-23,2.174165,2.5754681490886515,-5.522956777779528,11.89210104940982,False,0.0
2023-08-24,0.95140606,2.4852688951975734,-6.406098434773734,11.220439302563696,False,0.0
2023-08-25,0.18356512,2.4018719082155746,-6.480011600671206,11.221703082898372,False,0.0
2023-08-26,0.16866823,2.3265772135123006,-5.74185053669792,10.917174112783092,False,0.0
2023-08-27,0.3925032,2.260409366912989,-7.2534042099091325,10.512959290519031,False,0.0
2023-08-28,1.1439563,2.2040955265287545,-6.899975300778985,10.651261766142515,False,0.0
2023-08-29,2.6569383,2.158052550381975,-7.085094511983106,10.735722065269957,False,0.0
2023-08-30,0.672913,2.122383299296757,-6.729148199434203,11.079588048074827,False,0.0
2023-08-31,1.5903964,2.0968820612429733,-6.36334656958236,10.19238804247636,False,0.0
2023-09-01,0.07865499,2.081048756549384,-6.791115128222924,10.895867842306949,False,0.0
2023-09-02,3.19374,2.0741113402978644,-6.62280885168721,10.701108982045833,False,0.0
2023-09-03,0.28248346,2.075055595508446,-7.117910442672208,10.00786205958114,False,0.0
2023-09-04,3.5221012,2.082661314436977,-6.489519144822474,10.63976414096687,False,0.0
2023-09-05,3.4412427,2.0955437006648356,-6.36682203956177,10.476280114062838,False,0.0
2023-09-06,3.9632585,2.1121986959022667,-6.277551697408967,11.156919537691971,False,0.0
2023-09-07,3.509294,2.131050845709834,-6.700332125674729,10.833170958491316,False,0.0
2023-09-08,4.6771765,2.1505022696952203,-6.319373499648975,10.676070967916143,False,0.0
2023-09-09,2.7088711,2.168981294960172,-6.5854454108529294,10.842280464714655,False,0.0
2023-09-10,4.076367,2.184989346259238,-6.529339672867843,11.019598058972246,False,0.0
2023-09-11,1.7577305,2.197144760895539,-6.312694189552734,10.699346705299309,False,0.0
2023-09-12,5.6083136,2.204222308139457,-6.326635653582343,10.630421223354436,False,0.0
2023-09-13,5.861106,2.2051873381193183,-6.9465919783903205,10.87802438489079,False,0.0
2023-09-14,1.1729587,2.1992237488675785,-6.527326745481353,10.685399725793555,False,0.0
2023-09-15,1.3279723,2.1857546188602495,-6.10796717871707,11.788137429471352,False,0.0
2023-09-16,1.6352965,2.1644559136187516,-7.045543756358385,10.582637058707203,False,0.0
2023-09-17,2.393487,2.13526210494759,-6.318594009144577,10.68735245258058,False,0.0
2023-09-18,3.6751378,2.0983641176706866,-6.694348897783463,11.033170689205159,False,0.0
2023-09-19,6.151016,2.0541997072187366,-7.133714507406797,10.724421837549528,False,0.0
2023-09-20,2.1501083,2.003436679262295,-6.792965166314339,11.347111824037539,False,0.0
2023-09-21,1.3338689,1.9469495653393247,-6.740810803898257,10.233824704305349,False,0.0
2023-09-22,1.2641788,1.8857905502199552,-6.8113523374734815,10.28605033354438,False,0.0
2023-09-23,4.3144226,1.8211556025681481,-6.7469759222499945,10.066125670508006,False,0.0
2023-09-24,2.0335498,1.7543468861228695,-6.923907643862699,11.204831406172902,False,0.0
2023-09-25,1.4170448,1.6867326208999938,-6.848914921380878,10.448743932251437,False,0.0
2023-09-26,0.5481796,1.6197056205529814,-6.829274358574043,10.008518652132018,False,0.0
2023-09-27,0.29500905,1.5546417519105757,-7.016030543502603,9.94153537914551,False,0.0
2023-09-28,0.26214123,1.4928595457147567,-6.987520178928519,10.38999001856236,False,0.0
2023-09-29,0.20786375,1.4355821347540563,-7.495756282927726,10.754749756926518,False,0.0
2023-09-30,1.9672122,1.383902608967341,-7.2669903869578985,9.89911656428862,False,0.0
2023-10-01,1.2655122,1.3387537596762347,-7.38601232857693,10.998662964651007,False,0.0
2023-10-02,0.019119846,1.3008830407810537,-6.918535484677038,10.59902019881055,False,0.0
2023-10-03,0.121382624,1.2708334081289063,-7.526751223017327,10.253774041315635,False,0.0
2023-10-04,0.4951954,1.248930514558793,-7.250745464818387,10.456568161506484,False,0.0
2023-10-05,0.3932424,1.2352765429632342,-7.54331272660236,9.273786633269365,False,0.0
2023-10-06,3.195779,1.2297507590243133,-7.567613308503003,10.220768245744312,False,0.0
2023-10-07,2.9744868,1.2320166650623867,-7.702974927121863,10.515600765571294,False,0.0
2023-10-08,2.0658383,1.2415354425730403,-7.618218120175735,10.007380272262184,False,0.0
2023-10-09,1.7527388,1.2575851891951273,-7.432522879155291,9.656990768153138,False,0.0
2023-10-10,0.50227535,1.2792852912335189,-7.3986194785310015,9.932457211946495,False,0.0
2023-10-11,2.529025,1.3056251301110142,-7.292680073606322,9.886708466724036,False,0.0
2023-10-12,1.4327948,1.3354962041748504,-6.650027673877544,10.278935606083481,False,0.0
2023-10-13,1.0441763,1.3677266592375081,-7.412075186167052,10.614240265395182,False,0.0
2023-10-14,0.60139894,1.4011171643368927,-6.857697524121815,10.141210399228193,False,0.0
2023-10-15,0.7074962,1.4344770446867832,-6.949488824992504,9.819676193581504,False,0.0
2023-10-16,1.0250009,1.466659591990978,-7.308692985345606,10.702641389718963,False,0.0
2023-10-17,0.79600245,1.4965955124767731,-7.076153180534278,10.29534313947218,False,0.0
2023-10-18,0.81204045,1.5233235435823538,-7.033434033773719,9.951003323039108,False,0.0
2023-10-19,0.55215156,1.5460173686732241,-7.460270710767737,10.856787354749859,False,0.0
2023-10-20,1.9382697,1.5640080821361235,-7.492240570681503,9.944383474831566,False,0.0
2023-10-21,1.919332,1.5768016007616998,-6.750139620153844,10.219352943248524,False,0.0
2023-10-22,1.6834753,1.584090576852505,-7.2074282884648,10.578920481808014,False,0.0
2023-10-23,0.1413326,1.5857605390341838,-6.741831332200326,10.57815446663624,False,0.0
2023-10-24,0.28483272,1.5818901630682396,-6.230358569027178,10.337248474744188,False,0.0
2023-10-25,0.040731166,1.5727457516709586,-7.83505027242963,10.711670704092626,False,0.0
2023-10-26,0.06350312,1.5587701741915219,-6.454473860272947,10.189975871168848,False,0.0
2023-10-27,1.0139323,1.5405666788643286,-7.178724216863908,10.274638754526602,False,0.0
2023-10-28,0.5943091,1.5188781375529978,-7.091973295450522,9.555826119098228,False,0.0
2023-10-29,1.3829799,1.4945624111927311,-7.181239646409703,10.866730462682904,False,0.0
2023-10-30,0.36422384,1.4685646299502086,-7.2592378171495024,10.527796715039678,False,0.0
2023-10-31,0.2662593,1.4418872625763228,-6.910154726089136,10.482375417491545,False,0.0
2023-11-01,0.2057737,1.4155589024537174,-7.80702785329523,10.193632541083637,False,0.0
2023-11-02,0.7147131,1.390602722229605,-7.6033999807125,9.761604911923767,False,0.0
2023-11-03,1.0759777,1.3680055443401031,-7.410031685234406,10.602136458953845,False,0.0
2023-11-04,1.7765002,1.348688441714423,-7.361363143984751,10.140827411311605,False,0.0
2023-11-05,0.12827924,1.3334797228977784,-7.834056357182794,9.749925906361232,False,0.0
2023-11-06,0.50210106,1.32309107093923,-6.870250943051405,10.436167204809133,False,0.0
2023-11-07,1.4503831,1.3180974985940312,-7.546777908720628,10.274147227592701,False,0.0
2023-11-08,1.822133,1.3189216572041762,-7.566765290049614,10.138125145622993,False,0.0
2023-11-09,0.54094875,1.325822897145819,-7.810763625097635,9.664943186007136,False,0.0
2023-11-10,0.8411262,1.338891328360349,-6.956861410626163,9.500929996226796,False,0.0
2023-11-11,0.4502552,1.3580469749465676,-7.261680215380864,9.816252557497458,False,0.0
2023-11-12,0.23219983,1.3830439628202564,-7.624186651818975,10.68717089052927,False,0.0
2023-11-13,0.6370693,1.4134795288001394,-7.844139298636242,9.865865809213894,False,0.0
2023-11-14,0.85858506,1.448807497674832,-6.648579221053532,10.24519307062788,False,0.0
2023-11-15,1.476156,1.4883557450519977,-7.168012883950021,10.124683596466987,False,0.0
2023-11-16,0.58221036,1.5313470518157604,-6.895229786622072,10.049181231498515,False,0.0
2023-11-17,0.61163795,1.5769226636297933,-7.1403907604374695,10.548779754918314,False,0.0
2023-11-18,0.30467543,1.6241678018870858,-7.0928016196125565,10.604523482422243,False,0.0
2023-11-19,1.1253304,1.672138321120412,-7.540705508764573,10.423085562190845,False,0.0
2023-11-20,2.970698,1.7198876962609313,-7.547766174094787,11.212702723878694,False,0.0
2023-11-21,1.1054357,1.766493522589299,-6.458669016457189,10.535315244059062,False,0.0
2023-11-22,1.2396995,1.811082744353507,-6.438848390769469,11.038866736133537,False,0.0
2023-11-23,0.39002895,1.8528548818899089,-6.786614005030473,10.394137400837307,False,0.0
2023-11-24,0.06702112,1.89110260298802,-6.9872685375299435,10.993138760352664,False,0.0
2023-11-25,0.00033775964,1.925229079027461,-6.870125194994517,11.011843192280399,False,0.0
2023-11-26,0.03462951,1.9547616768817329,-5.958628092018462,10.519437230134479,False,0.0
2023-11-27,6.9908643,1.979361660009972,-6.89365054454716,10.315045934448001,False,0.0
2023-11-28,5.7095547,1.998829702542487,-6.246008292850409,10.254720515455327,False,0.0
2023-11-29,0.14687759,2.013107154276235,-6.594422541831077,11.341719709744702,False,0.0
2023-11-30,0.37331247,2.022273128085203,-6.724741797177698,11.675865472598373,False,0.0
2023-12-01,0.3325121,2.0265376100719923,-7.0261566232919455,10.325282755941027,False,0.0
2023-12-02,1.3152975,2.0262309128791935,-6.814273133641426,10.155077460737951,False,0.0
2023-12-03,2.722184,2.0217899002489044,-6.752537114715507,10.193676219930163,False,0.0
2023-12-04,2.631522,2.0137415029321724,-7.598533018708595,11.038819181497704,False,0.0
2023-12-05,0.7360343,2.002684119724674,-6.265589396921522,10.412511546949666,False,0.0
2023-12-06,0.577266,1.9892675506504347,-7.111978931624401,10.789790953835388,False,0.0
2023-12-07,2.8688045,1.9741721407374955,-7.134588198524326,10.862389771605274,False,0.0
2023-12-08,3.1024725,1.9580878217454063,-6.4504926654814945,10.382847570005232,False,0.0
2023-12-09,0.636167,1.9416937256520896,-6.6973294191187875,10.563663563830177,False,0.0
2023-12-10,0.67212987,1.9256390084561252,-6.778633809397553,10.676917268257528,False,0.0
2023-12-11,1.6721816,1.910525467370435,-6.781927405834305,10.03927891327787,False,0.0
2023-12-12,0.64926296,1.896892460839915,-7.225928916173084,10.9840066025728,False,0.0
2023-12-13,0.58645743,1.8852045517062976,-6.551781110481491,10.691495172913188,False,0.0
2023-12-14,1.4621629,1.8758421923769535,-6.944244820189201,10.268618987688303,False,0.0
2023-12-15,2.9868948,1.8690956605450788,-7.071200729908307,10.666373756946284,False,0.0
2023-12-16,1.050535,1.8651623386261014,-7.45801122792909,10.838550262615952,False,0.0
2023-12-17,0.20771623,1.864147313492409,-7.11332230164422,10.831388529307317,False,0.0
2023-12-18,2.4151597,1.866067159223215,-6.9536511960090115,10.35930262809639,False,0.0
2023-12-19,5.9217095,1.8708566581882586,-6.4445394613866505,11.231023915569274,False,0.0
2023-12-20,9.008107,1.8783781184058332,-7.2127650625488515,10.783677359287793,False,0.0
2023-12-21,10.521593,1.8884328609103858,-6.588010084022031,11.00642673173338,False,0.0
2023-12-22,1.8434768,1.9007743825572097,-6.896475618514876,10.356559078377968,False,0.0
2023-12-23,2.0549395,1.9151226494503069,-7.009247552805881,11.1736258058195,False,0.0
2023-12-24,2.3892467,1.9311789455421737,-7.726326459498812,10.83311901869113,False,0.0
2023-12-25,0.60041547,1.9486406908497202,-6.466821248192709,10.50833790980008,False,0.0
2023-12-26,2.347643,1.9672156543174901,-6.75432230719291,10.744120162972898,False,0.0
2023-12-27,0.9697673,1.9866350171937501,-6.937501845768654,10.851804209457494,False,0.0
2023-12-28,0.42937198,2.0066647926699592,-7.380615384624696,10.62829677600836,False,0.0
2023-12-29,0.52043927,2.0271151746935017,-6.424305390722408,9.901553588856597,False,0.0
2023-12-30,0.0016126367,2.0478474709104013,-6.245398548783612,10.565311270824436,False,0.0
2023-12-31,1.7264409,2.0687783687598684,-6.096881241844566,10.819264934652198,False,0.0
2024-01-01,3.0186071,2.089881386567659,-6.361315689881803,10.392577256239068,False,0.0
2024-01-02,5.070246,2.1111854694824057,-6.849348921070056,11.35079275313639,False,0.0
2024-01-03,1.488694,2.132770799550114,-6.608974457824907,11.118857798647468,False,0.0
2024-01-04,0.89569557,2.154761996311384,-6.330921018066949,10.18337588548011,False,0.0
2024-01-05,0.42065647,2.1773189853369237,-7.140429936388797,10.941538542923709,False,0.0
2024-01-06,0.46612623,2.2006259035302222,-6.910435721195598,10.660567626543074,False,0.0
2024-01-07,0.2884997,2.224878488643077,-6.235769091120486,10.796319122232934,False,0.0
2024-01-08,1.1545758,2.250270463446693,-6.391225820275385,10.941424820102217,False,0.0
2024-01-09,1.0031137,2.27697947010404,-6.091313888011866,11.302285977226271,False,0.0
2024-01-10,2.763581,2.305153135824234,-6.168273859167135,11.020679505357696,False,0.0
2024-01-11,2.6920338,2.3348958557644464,-6.201404107577953,11.518415118953031,False,0.0
2024-01-12,1.179513,2.3662568630675604,-6.169585703320086,10.513689502264892,False,0.0
2024-01-13,3.0724041,2.399220119193652,-5.972836218142279,10.797216884652281,False,0.0
2024-01-14,3.6761637,2.4336965013839755,-5.987811546484349,11.903634745845594,False,0.0
2024-01-15,0.6241004,2.469518689884284,-6.082004747648266,10.948117107922936,False,0.0
2024-01-16,0.87586343,2.506439067770225,-5.593135841048062,11.690223797533651,False,0.0
2024-01-17,1.2441611,2.544130843732349,-6.125702579962791,10.970183574676923,False,0.0
2024-01-18,2.1688015,2.582192496302051,-6.418476809956904,11.445015739991835,False,0.0
2024-01-19,2.9493473,2.6201555204032,-6.249427351769082,12.053143492157712,False,0.0
2024-01-20,1.5510684,2.657495335411804,-5.562309276546852,12.119762259683364,False,0.0
2024-01-21,4.4588947,2.693645110367611,-6.174521487039627,10.991254899350844,False,0.0
2024-01-22,1.733991,2.7280121166639164,-6.131122544445365,11.045950397290122,False,0.0
2024-01-23,1.0681456,2.7599961631386956,-6.6503504148109815,10.655687559476362,False,0.0
2024-01-24,1.5950633,2.789009546715585,-5.901560394643741,11.251499702251,False,0.0
2024-01-25,1.9128469,2.8144978946429733,-6.049307452383287,10.922206359160782,False,0.0
2024-01-26,1.5497804,2.8359612206444487,-5.687878733487579,11.679996887232402,False,0.0
2024-01-27,2.3037858,2.8529744872817617,-5.110178092911506,11.228929990006366,False,0.0
2024-01-28,2.1022077,2.8652069596302217,-5.778622368592518,11.111117009228144,False,0.0
2024-01-29,2.566995,2.872439651662523,-6.150556104941005,11.832645669797108,False,0.0
2024-01-30,0.27464378,2.8745802064435066,-5.739368242952336,11.37312307744155,False,0.0
2024-01-31,0.12299021,2.8716746135304807,-6.136514389543146,12.177150683796448,False,0.0
2024-02-01,5.0051775,2.8639152502639886,-5.637397739712725,11.548398011511452,False,0.0
2024-02-02,1.4741832,2.8516448356580453,-5.925610296002457,11.37180207556241,False,0.0
2024-02-03,0.9899135,2.8353560034361687,-6.096973555313946,11.587539854675247,False,0.0
2024-02-04,1.5783257,2.8156863309587368,-6.363409012409115,11.424351664914795,False,0.0
2024-02-05,2.1809723,2.7934087994108796,-6.231392532547603,11.720242571954383,False,0.0
2024-02-06,1.2157785,2.769417803457398,-6.678820386321875,11.542763588430548,False,0.0
2024-02-07,1.4909554,2.7447109711422,-6.060944597367709,12.639231390495382,False,0.0
2024-02-08,1.4465798,2.7203671926229154,-5.91774251951339,11.214650938324484,False,0.0
2024-02-09,3.5259843,2.6975213849302366,-5.08111070579062,11.118393556461871,False,0.0
2024-02-10,1.7160962,2.677336635139984,-5.240853866564792,11.115785425569348,False,0.0
2024-02-11,7.3822074,2.66097446222927,-6.27675019955268,11.63748518639833,False,0.0
2024-02-12,3.8471768,2.6495640151073574,-5.868574220683598,11.371186373519219,False,0.0
2024-02-13,4.3184795,2.6441710780427155,-6.258747988006465,11.835402192857828,False,0.0
2024-02-14,2.5401762,2.6457677828438944,-5.798364599996589,11.418791181659238,False,0.0
2024-02-15,10.394764,2.655203928340503,-5.990697155249109,11.215548771077822,False,0.0
2024-02-16,6.1132126,2.673180781404661,-5.92446586274736,11.713293906305802,False,0.0
2024-02-17,7.0573344,2.7002281802644914,-6.157062755009755,11.46296614031298,False,0.0
2024-02-18,5.6494093,2.7366856813381966,-5.788654185523075,11.497406001785073,False,0.0
2024-02-19,2.4170592,2.7826883872142094,-6.540807548252059,11.474293312014725,False,0.0
2024-02-20,2.3039675,2.838157968472861,-5.8283844028725476,11.15334288444693,False,0.0
2024-02-21,5.1959643,2.902799249229575,-5.518803465092178,11.75442882383188,False,0.0
2024-02-22,1.9911507,2.9761025696132366,-6.399716751012128,11.494158950601737,False,0.0
2024-02-23,6.3231454,3.057351972396013,-5.944134405250826,12.002982468974103,False,0.0
2024-02-24,3.6985643,3.1456390905771436,-5.762383431885476,12.32244524766238,False,0.0
2024-02-25,5.5879025,3.239882442955763,-5.714690662770243,12.000544752098596,False,0.0
2024-02-26,6.0992,3.3388516807748525,-5.478653243602578,12.232939441106618,False,0.0
2024-02-27,7.829083,3.4411961754348033,-4.849995116864046,12.224307985364682,False,0.0
2024-02-28,73.55089,3.5454771998654753,-5.480921000160541,11.904169579383831,True,61.64672042061616
2024-02-29,1.0658692,3.6502028387912637,-4.671965000314862,12.008378966547172,False,0.0
2024-03-01,1.3529105,3.7538646696944715,-5.203284939008872,12.451238650546497,False,0.0
2024-03-02,0.4344589,3.8549751899733202,-4.317863409889245,12.721948116390427,False,0.0
2024-03-03,1.2772086,3.9521049289942516,-4.492652070001271,12.027457997915635,False,0.0
2024-03-04,0.7997698,4.043918178031795,-3.9860450392940554,12.685258797176761,False,0.0
2024-03-05,3.040013,4.129206297107123,-4.993264833850147,11.969701757648723,False,0.0
2024-03-06,7.0818233,4.206917615197622,-4.377956294403469,13.343956026738473,False,0.0
2024-03-07,4.3797092,4.276183027894032,-3.9255351399612706,13.33557660181242,False,0.0
2024-03-08,1.4411025,4.336336512196791,-4.473557848883899,13.097485370956603,False,0.0
2024-03-09,2.5973117,4.386929918700503,-3.936456536118053,13.333670730229988,False,0.0
2024-03-10,2.7965856,4.427741563052481,-4.29525331846928,12.874170134933882,False,0.0
2024-03-11,0.65566564,4.458778316782425,-4.127025345575386,13.243054504714745,False,0.0
2024-03-12,4.411251,4.480271087272595,-5.053984136195358,13.398119604534335,False,0.0
2024-03-13,15.522227,4.492663772271495,-4.679151918526386,12.923190615977443,True,2.5990363840225577
2024-03-14,6.647497,4.496595970192122,-4.364983936205847,12.824681399603882,False,0.0
2024-03-15,1.5539182,4.492879917593041,-3.5641043541297495,13.074970693771327,False,0.0
2024-03-16,2.3242643,4.482472304001933,-4.280530280608392,13.525602538901516,False,0.0
2024-03-17,11.7598915,4.466441776060347,-3.8599577070802438,12.829857128160588,False,0.0
2024-03-18,2.9687128,4.445933082786629,-4.323123334072808,13.224810172932981,False,0.0
2024-03-19,4.0364676,4.422128927080504,-4.103691183302832,12.589444072393894,False,0.0
2024-03-20,0.23853448,4.396210671660813,-4.191408504903783,13.120367154427425,False,0.0
2024-03-21,2.8697925,4.36931909751018,-3.929399398924209,12.864387728617222,False,0.0
2024-03-22,3.129977,4.342516427650462,-3.8270685007102827,12.69208547873494,False,0.0
2024-03-23,1.7658972,4.3167508077029435,-4.29251267224794,12.665370999394533,False,0.0
2024-03-24,4.612732,4.292824377341342,-3.817435386897363,12.893542229568903,False,0.0
2024-03-25,2.9016042,4.271365974182375,-4.432102217414625,13.128725073038042,False,0.0
2024-03-26,1.9915816,4.2528093891268846,-4.970930009856861,12.467611333367856,False,0.0
2024-03-27,11.756931,4.237377932399902,-4.502012247194768,13.26909376171529,False,0.0
2024-03-28,2.2173655,4.2250758975980975,-3.887598847423761,12.599507631462357,False,0.0
2024-03-29,6.527096,4.215687305738909,-5.678278280041015,13.002082384831757,False,0.0
2024-03-30,27.522902,4.208782099122319,-5.071491121786602,13.18574575057318,True,14.337156249426819
2024-03-31,8.824456,4.203729731450065,-4.901825090882338,12.862635776497799,False,0.0
2024-04-01,3.1515317,4.199719875522261,-4.220102472496184,13.379381914878289,False,0.0
2024-04-02,1.8913885,4.195789749204337,-4.492844306957146,12.803641970996159,False,0.0
2024-04-03,3.7190967,4.190857350794657,-4.690942575150406,12.145974900376007,False,0.0
2024-04-04,11.626439,4.183759702775201,-4.0594656323427944,12.770495704449884,False,0.0
2024-04-05,0.9200471,4.173295034113131,-4.32532802639621,13.350536839225088,False,0.0
2024-04-06,2.196189,4.1582676911176275,-4.331735022762624,12.819963528771368,False,0.0
2024-04-07,1.4337627,4.137534459930334,-4.465785200485513,12.195779032896459,False,0.0
2024-04-08,1.4410226,4.1100509136601335,-4.600021838381178,13.274542174733934,False,0.0
2024-04-09,19.880169,4.074916366623344,-4.396483707975881,12.43963316915926,True,7.440535830840739
2024-04-10,5.863453,4.031416028632939,-4.955834867829733,12.709994931062711,False,0.0
2024-04-11,1.2742307,3.9790590041270564,-4.819906031537059,12.858907941993085,False,0.0
2024-04-12,1.4410284,3.917610873307888,-4.0663717524874405,12.836558715357397,False,0.0
2024-04-13,2.194657,3.847119723333839,-4.747305616159718,12.050796196747342,False,0.0
2024-04-14,3.35607,3.7679346637845463,-4.34015697457991,11.936298758294747,False,0.0
2024-04-15,4.0238795,3.6807160578583256,-4.625003731441198,11.957032617656385,False,0.0
2024-04-16,8.184289,3.5864369238791785,-5.475459390456298,12.45109873614266,False,0.0
2024-04-17,1.9671241,3.4863752046348346,-5.91611503375292,12.579230306622858,False,0.0
2024-04-18,2.6041815,3.38209685820378,-5.291361228686893,11.936920953765481,False,0.0
2024-04-19,0.75860023,3.275429986083168,-5.172272535952581,12.074712805617327,False,0.0
2024-04-20,4.8163934,3.1684304752049033,-5.112344967859712,11.850187953216453,False,0.0
2024-04-21,5.4202676,3.063339882360203,-5.338475509766688,12.268924983382222,False,0.0
2024-04-22,3.4120395,2.9625365252857567,-6.5072936220621305,11.844063620579426,False,0.0
2024-04-23,2.1619318,2.8684809572892402,-5.472037264800908,11.027108161806574,False,0.0
2024-04-24,2.3240786,2.7836571853859216,-6.460443797679825,11.45591581701241,False,0.0
2024-04-25,0.5802476,2.710511139859345,-6.29846362869336,11.207819744136158,False,0.0
2024-04-26,4.4998593,2.6513880112516692,-6.629300508894512,11.516685277581693,False,0.0
2024-04-27,3.415147,2.608470135383416,-5.96633591100547,10.949526382838012,False,0.0
2024-04-28,4.5158563,2.5837171256644855,-5.745674402862185,11.477778748965592,False,0.0
2024-04-29,4.143893,2.578809923498717,-5.834918780850077,12.04787863150439,False,0.0
2024-04-30,0.46900764,2.5951003621463844,-6.120247763310908,11.374787785873579,False,0.0
2024-05-01,0.28485027,2.6335677184628734,-5.46846495946375,11.271816114542581,False,0.0
2024-05-02,1.6555939,2.694783563223935,-6.06768256021884,11.06518775969311,False,0.0
2024-05-03,2.734565,2.7788860182968653,-6.133822588647255,11.396886720505366,False,0.0
2024-05-04,4.54699,2.8855642928598684,-6.319951730865745,11.246268318367699,False,0.0
2024-05-05,1.4165336,3.014054107305345,-5.832872510130777,11.693467509472704,False,0.0
2024-05-06,6.0170527,3.1631443294357875,-6.230174823616086,12.292360605345486,False,0.0
2024-05-07,16.151905,3.331194850616181,-5.646061000270182,12.074001977644626,True,4.077903022355374
2024-05-08,5.7934723,3.516165427815048,-5.5518328834756545,12.499690274108259,False,0.0
2024-05-09,5.3913717,3.715654919210309,-4.644044940716343,11.986984729726712,False,0.0
2024-05-10,1.5259637,3.9269500545372145,-4.994974070125771,13.197146660810361,False,0.0
2024-05-11,0.9348012,4.147082614645541,-4.2322788841632235,12.97111287279328,False,0.0
2024-05-12,0.069139734,4.372893655388475,-4.69475451099438,13.169243632535897,False,0.0
2024-05-13,2.3732936,4.6011032058682915,-3.9456016261979245,13.660665147013164,False,0.0
2024-05-14,2.179888,4.828383706179053,-3.6330029467343867,14.043338672905268,False,0.0
2024-05-15,4.0064464,5.051435330095028,-3.8956601576552283,14.027679862177452,False,0.0
2024-05-16,2.0898027,5.267061267362758,-3.241350899417254,14.112454983536972,False,0.0
2024-05-17,14.297564,5.472241020766597,-2.871349859773742,14.087905872026203,True,0.20965812797379613
2024-05-18,5.992412,5.664199805985391,-2.7832164819134078,14.497324880073657,False,0.0
2024-05-19,4.963318,5.840472227031587,-3.2660856346155294,15.295121247500575,False,0.0
2024-05-20,3.4625397,5.9989585348472225,-2.7384300082507775,14.586652228307791,False,0.0
2024-05-21,4.973684,6.137971958265611,-2.921379618972405,14.305892059680259,False,0.0
2024-05-22,3.2302907,6.256275820370019,-2.962174701321731,15.14548153516166,False,0.0
2024-05-23,6.7383084,6.353109413615652,-2.294519234719572,15.026038057074189,False,0.0
2024-05-24,1.2150006,6.42820189705399,-2.066085857438028,15.781648720047595,False,0.0
2024-05-25,0.550141,6.481773790987953,-2.5754302189448737,15.261045812663818,False,0.0
2024-05-26,2.21671,6.51452597004626,-2.294738000704972,15.229138340682258,False,0.0
2024-05-27,2.7044344,6.527616386236778,-2.520516191527979,15.48462782823732,False,0.0
2024-05-28,9.487523,6.522625077143111,-2.1279413723989404,15.800033249586486,False,0.0
2024-05-29,3.2478876,6.501508345740906,-2.910029347521974,15.640065910924106,False,0.0
2024-05-30,9.662444,6.4665432462337655,-1.8621898057949575,15.137910484754432,False,0.0
2024-05-31,1.2620552,6.420263831824169,-2.5411774793171586,15.567499090679497,False,0.0
2024-06-01,3.000856,6.36539080186236,-2.230317477208498,15.188797473673889,False,0.0
2024-06-02,7.3671436,6.304756386094257,-2.7915627523386433,15.194109664300578,False,0.0
2024-06-03,9.514917,6.241226435054996,-2.8174265863870875,14.785090929804854,False,0.0
2024-06-04,5.747456,6.177621767746308,-1.7082216292502483,15.147437307324495,False,0.0
2024-06-05,6.3489776,6.116640855180107,-2.941761622058808,14.271103458349275,False,0.0
2024-06-06,4.117644,6.060785890197473,-2.6898735233790942,15.460334259023899,False,0.0
2024-06-07,5.230567,6.012294210693161,-2.5179496306918643,13.901794954197593,False,0.0
2024-06-08,3.8526824,5.973076907057354,-2.887093814879657,13.839517545725087,False,0.0
2024-06-09,5.8963428,5.94466625875517,-3.4582315892751923,14.699097657889261,False,0.0
2024-06-10,1.0489736,5.928173414375556,-2.5947579706288444,14.668215436824173,False,0.0
2024-06-11,2.7829332,5.92425746027569,-2.72533326364282,14.462559382198215,False,0.0
2024-06-12,2.5958507,5.9331067222836085,-2.796505800655054,14.42800506535346,False,0.0
2024-06-13,4.273971,5.95443282083939,-3.265723799208884,14.822858673955855,False,0.0
2024-06-14,8.175051,5.987477661153186,-2.942643472798475,15.18919202978459,False,0.0
2024-06-15,15.303092,6.031033195538376,-2.9411563794228965,14.414136869843214,True,0.888955130156786
2024-06-16,5.497381,6.0834734543441,-2.8399553567400115,15.448711743686001,False,0.0
2024-06-17,2.385988,6.142798014058473,-2.412702535331771,14.393990604182855,False,0.0
2024-06-18,2.3882952,6.2066857650483325,-2.1349634865934433,14.877368243766783,False,0.0
2024-06-19,7.8330264,6.272557565348922,-3.042842464542332,14.35954689820656,False,0.0
2024-06-20,3.560725,6.337646128391375,-2.200674764551129,15.09771059959496,False,0.0
2024-06-21,9.819896,6.399071298017602,-2.0045964151420046,14.546868149591933,False,0.0
2024-06-22,9.857254,6.453918718906262,-2.376145294874944,15.223555642702978,False,0.0
2024-06-23,8.227965,6.499319818490923,-1.9489187309181502,15.742419875466203,False,0.0
2024-06-24,2.2040253,6.5325309801807645,-2.4373357791767005,15.475935033898372,False,0.0
2024-06-25,5.5739493,6.551009808094463,-1.973486504920604,15.117340451777798,False,0.0
2024-06-26,1.0552926,6.552486460102154,-2.52954243648066,15.671878279913672,False,0.0
2024-06-27,1.0324783,6.535028156612572,-2.7232525514207526,15.193994866133703,False,0.0
2024-06-28,0.030409783,6.497095153715328,-1.6440659962136488,15.581859026916204,False,0.0
2024-06-29,0.014734515,6.437586696061555,-2.6399506468699414,15.080466277200198,False,0.0
2024-06-30,1.6114966,6.355875731095518,-2.295160423851395,15.111505994320247,False,0.0
2024-07-01,0.51619613,6.251831464696824,-2.9394055201254057,15.176919210116539,False,0.0
2024-07-02,6.4662924,6.125829160894474,-2.9695271506966154,14.489974107470301,False,0.0
2024-07-03,5.3853464,5.978746926321431,-2.5219761668802,14.338548687218072,False,0.0
2024-07-04,3.4141393,5.811949564366502,-2.956197865876553,13.963087110906317,False,0.0
2024-07-05,10.592523,5.627259925268708,-2.924370641082117,13.970194613128443,False,0.0
2024-07-06,37.714546,5.426918507480826,-2.859476285474328,13.86155318543441,True,23.85299281456559
2024-07-07,6.03063,5.213532373703382,-3.8007385921896595,14.738944350982726,False,0.0
2024-07-08,2.5824242,4.990014723798779,-4.49358031025384,14.173737994700465,False,0.0
2024-07-09,6.6439047,4.7595167089213755,-3.834653034269285,13.781380432702948,False,0.0
2024-07-10,3.7235718,4.5253532702392585,-4.1450778055113044,13.910208476479426,False,0.0
2024-07-11,8.262787,4.290924936407799,-5.32573868619841,12.63618384459732,False,0.0
2024-07-12,8.228167,4.059637612527216,-3.961869150502558,12.94862130455609,False,0.0
2024-07-13,2.3781095,3.834822437324077,-4.594404501693253,12.327998562634658,False,0.0
2024-07-14,2.3377528,3.6196577737174254,-5.457483453644471,12.766076375474945,False,0.0
2024-07-15,0.40305224,3.417095331392301,-5.490774537948607,12.29473025574245,False,0.0
2024-07-16,2.8749728,3.229792300487306,-5.7851562396516085,11.598798423341504,False,0.0
2024-07-17,1.9843216,3.060051206592801,-4.926335729703593,12.393223563088387,False,0.0
2024-07-18,1.9906573,2.9097689837148635,-5.687916566643783,11.508497922474373,False,0.0
2024-07-19,0.4075446,2.780396509689675,-5.736682236717411,12.037950500557645,False,0.0
2024-07-20,5.5630193,2.6729095648246615,-6.6234753760882725,11.974725712866672,False,0.0
2024-07-21,3.4589467,2.5877918670861324,-5.89455455846954,10.924927266323664,False,0.0
2024-07-22,1.1993676,2.525030514460571,-6.751640152922947,11.500330140731652,False,0.0
2024-07-23,0.087601446,2.484123835950025,-6.271343815652093,11.14851099780921,False,0.0
2024-07-24,2.4688196,2.464101326046112,-6.501886435824189,11.459260570750088,False,0.0
2024-07-25,2.8223581,2.463555022195439,-6.442877897504026,11.097226409173413,False,0.0
2024-07-26,0.53569424,2.480681389246272,-5.49006450048041,10.745328357977849,False,0.0
2024-07-27,0.48364034,2.513332506951281,-6.3756034595189375,10.74205348824641,False,0.0
2024-07-28,1.1756145,2.5590751233921325,-6.113219077876355,11.401544587308948,False,0.0
2024-07-29,3.3212175,2.615255944666916,-6.534894490267085,12.359708625962432,False,0.0
2024-07-30,1.3783736,2.6790713842922567,-6.749954675963162,10.669495128857386,False,0.0
2024-07-31,1.0103431,2.7476398980601626,-5.82864680494607,11.299026874019285,False,0.0
2024-08-01,2.3124206,2.8180749838070023,-5.524744530020473,11.942976730554202,False,0.0
2024-08-02,1.4458245,2.887556931477823,-6.0192853661032055,11.627312747108276,False,0.0
2024-08-03,5.888634,2.9534014663383403,-5.90781626605858,11.63823550887989,False,0.0
2024-08-04,5.310131,3.013123535166455,-5.457007684296048,10.879626924744926,False,0.0
2024-08-05,2.4904742,3.064494638307964,-6.091813361105201,12.282498603345635,False,0.0
2024-08-06,1.7558534,3.1055923049770993,-5.15701002641307,11.877506186441426,False,0.0
2024-08-07,1.5305165,3.134840539373437,-5.509250422016411,11.843320026453688,False,0.0
2024-08-08,1.9816922,3.151040324385333,-5.67510268086759,12.457159859858086,False,0.0
2024-08-09,0.98975,3.1533895504628795,-5.354297930385599,11.724905205058997,False,0.0
2024-08-10,0.0,3.1414920316802317,-5.694886978395226,11.112745092440885,False,0.0
2024-08-11,0.18376178,3.115355570896084,-6.173311287009139,11.810525394344424,False,0.0
2024-08-12,0.6589366,3.075379332871993,-5.366960095086422,12.007380710843497,False,0.0
2024-08-13,0.07342133,3.0223310701394603,-5.639822697985897,11.49924009246035,False,0.0
2024-08-14,1.2903843,2.9573150135206423,-5.837899291115846,11.71981002157387,False,0.0
2024-08-15,1.014981,2.8817314803645626,-5.76042833523816,11.310458418362268,False,0.0
2024-08-16,0.6539514,2.797229462411484,-6.096406034911138,11.686507687647032,False,0.0
2024-08-17,0.38630763,2.7056536263353026,-6.180965356255916,11.15370666732397,False,0.0
2024-08-18,1.4999068,2.608987289182868,-5.908607425601527,11.102465732008051,False,0.0
2024-08-19,2.963707,2.509293015035965,-6.062671939243531,11.887284554170222,False,0.0
2024-08-20,1.8956095,2.4086525165469217,-6.057992249058596,10.934920282786182,False,0.0
2024-08-21,2.0811818,2.3091075350524752,-6.078949967422271,11.029462341412705,False,0.0
2024-08-22,1.9520264,2.212603316671265,-6.759287607987697,10.495555692229297,False,0.0
2024-08-23,3.3922677,2.1209362013278206,-6.573383903645,10.950343769651633,False,0.0
2024-08-24,3.2812374,2.035706700379783,-6.114221672722391,11.23643700869229,False,0.0
2024-08-25,0.16468896,1.9582792609794892,-6.7700060564647035,10.585990487459203,False,0.0
2024-08-26,0.57057214,1.8897497069619795,-6.921730305191934,10.339281533268625,False,0.0
2024-08-27,2.828684,1.8309211131343497,-7.131105840717704,10.168802142437716,False,0.0
2024-08-28,4.0519276,1.7822886193080347,-7.200005937506464,10.810560059424018,False,0.0
2024-08-29,2.8648698,1.744033429498191,-7.356731555542263,10.778391493314967,False,0.0
2024-08-30,1.6084033,1.7160259779853164,-7.698234336429099,11.172716793557264,False,0.0
2024-08-31,3.854415,1.6978379848343044,-6.804208554639912,10.616812471294205,False,0.0
2024-09-01,0.24283732,1.6887628763008453,-7.346822302548697,10.605472256946758,False,0.0
2024-09-02,0.5744785,1.6878438171555104,-7.489339129201097,11.177950538876283,False,0.0
2024-09-03,0.20727979,1.6939083985434398,-6.643811667570706,9.865073814574158,False,0.0
2024-09-04,0.18874109,1.705608852001135,-6.254730509835749,10.78438060404209,False,0.0
2024-09-05,0.2161873,1.721466522184063,-7.4040485110240635,10.005945812822159,False,0.0
2024-09-06,0.33533075,1.7399192311518532,-7.191873651830983,11.083641759852702,False,0.0
2024-09-07,0.9654098,1.7593701080117228,-7.210355839815125,10.572415284091528,False,0.0
2024-09-08,4.3272047,1.7782364404702278,-6.9847481609211295,10.228502477547774,False,0.0
2024-09-09,3.2970457,1.7949971292565754,-6.920267008717403,10.00405353912227,False,0.0
2024-09-10,1.2876496,1.808237391200556,-6.829887757316881,10.20919879679245,False,0.0
2024-09-11,3.088522,1.816689459507604,-6.444510823363891,11.05194595859597,False,0.0
2024-09-12,2.5764995,1.819268166995984,-6.997054367248382,10.828690762872665,False,0.0
2024-09-13,2.8733811,1.8151004653048055,-7.337945191871473,9.628883293076782,False,0.0
2024-09-14,2.949484,1.8035481250903738,-5.785967918581066,10.428751600855218,False,0.0
2024-09-15,1.2519783,1.7842230731011666,-7.333020972387346,10.321417465044807,False,0.0
2024-09-16,0.39702344,1.7569950454263543,-6.632074500654201,10.802417149973506,False,0.0
2024-09-17,1.4245477,1.7219914654595083,-6.872638580886277,10.5873374874468,False,0.0
2024-09-18,1.1676259,1.6795896835299553,-6.670919641875192,10.536819627618922,False,0.0
2024-09-19,2.9724684,1.6304019360687014,-7.215423336824272,10.222675711145218,False,0.0
2024-09-20,0.86355525,1.5752535893280857,-6.654660991429598,11.064817046248821,False,0.0
2024-09-21,0.28497112,1.5151554202054829,-7.64868681452854,10.333457133064234,False,0.0
2024-09-22,0.7751696,1.4512708494508908,-6.972761912811957,9.731684618677484,False,0.0
2024-09-23,3.3370728,1.3848791760863908,-7.601264423295629,10.486877858844782,False,0.0
2024-09-24,0.8009473,1.3173359627396692,-7.499410589199743,10.604355386750877,False,0.0
2024-09-25,0.7178816,1.250031787296981,-7.267850714244015,10.26093423782462,False,0.0
2024-09-26,1.5669847,1.1843506053855986,-7.313205725100364,10.178256165744486,False,0.0
2024-09-27,2.077891,1.121628960383976,-7.401985726531175,9.772301538908257,False,0.0
2024-09-28,1.6072447,1.0631172336226096,-7.814380438237194,9.853162662336555,False,0.0
2024-09-29,1.243596,1.0099440490250904,-7.55944529712202,9.493832278438278,False,0.0
2024-09-30,1.8169179,0.9630848363940308,-7.388509323937925,9.132085331404602,False,0.0
2024-10-01,0.32799444,0.9233354195325711,-7.60681073394615,9.362320450094378,False,0.0
2024-10-02,1.9166747,0.8912913338900679,-8.00067900677031,9.533090458510845,False,0.0
2024-10-03,2.219939,0.8673333984531832,-8.155112506235552,9.731740604971929,False,0.0
2024-10-04,0.31437817,0.8516198737687319,-7.905950737150701,9.057252010927833,False,0.0
2024-10-05,0.40536988,0.8440853381231435,-7.729346385228273,9.697692256338852,False,0.0
2024-10-06,0.0011581513,0.8444462129901043,-7.966607579130904,9.587473055781029,False,0.0
2024-10-07,1.3772731,0.8522126728865871,-7.980295343249217,10.24477147001876,False,0.0
2024-10-08,2.1135614,0.8667064894121492,-6.892536849108819,9.485262059512204,False,0.0
2024-10-09,0.08438197,0.887084189873069,-7.884950107743815,9.299663146131522,False,0.0
2024-10-10,0.35814852,0.9123647622729483,-7.77652438060574,9.093540518096159,False,0.0
2024-10-11,0.5728806,0.9414610147301308,-7.806706250406196,9.781394855198311,False,0.0
2024-10-12,0.3323886,0.9732136018643986,-7.729985924694779,9.836246193920376,False,0.0
2024-10-13,0.7475844,1.0064266658582919,-8.062140592006466,9.730561061523678,False,0.0
2024-10-14,1.0999203,1.039904007218967,-7.667162526665727,9.430507579270799,False,0.0
2024-10-15,0.9279897,1.0724847003216167,-7.864683552168074,9.861870429535283,False,0.0
2024-10-16,1.6713477,1.1030771011202964,-7.042821847514547,9.718752828463376,False,0.0
2024-10-17,0.71585804,1.1306902575858466,-7.389025569535776,9.968409057665069,False,0.0
2024-10-18,0.42474815,1.154461825193474,-7.700496238775951,9.67231992062275,False,0.0
2024-10-19,0.6979993,1.1736817069749874,-7.320201031536954,9.796765742203377,False,0.0
2024-10-20,0.6164874,1.1878107764671213,-7.245720342086734,9.799142605104226,False,0.0
2024-10-21,0.19754867,1.1964941978761652,-7.031909409222125,10.342597088946658,False,0.0
2024-10-22,0.8038031,1.1995690260622316,-7.266112683860202,9.853222486723016,False,0.0
2024-10-23,1.5703943,1.1970659443010068,-7.42757743925289,10.708802908863172,False,0.0
2024-10-24,0.5184032,1.189205174917069,-7.48483097802913,9.607679009361698,False,0.0
2024-10-25,0.4139052,1.1763867714086211,-7.568582747398817,9.839922701601887,False,0.0
2024-10-26,0.98614585,1.1591756655250005,-7.598123115570424,9.86135904292641,False,0.0
2024-10-27,0.79153186,1.1382819940182864,-7.723695603731929,9.342571093996678,False,0.0
2024-10-28,2.1718392,1.1145373631915558,-7.616357255350507,10.103345130025719,False,0.0
2024-10-29,2.280967,1.088867821085085,-6.813516106932675,9.900492670014444,False,0.0
2024-10-30,0.14088717,1.0622643941647105,-7.943399139146134,9.548227663188918,False,0.0
2024-10-31,0.2359516,1.0357521054140222,-7.084032106823132,9.689382529789976,False,0.0
2024-11-01,0.50645703,1.0103584223376234,-8.614910726345778,9.42228488199212,False,0.0
2024-11-02,1.9842513,0.9870820860335399,-7.61922249474259,9.575286230035028,False,0.0
2024-11-03,2.324979,0.9668632464771818,-8.129553834493551,9.962749058236712,False,0.0
2024-11-04,0.16565125,0.9505557756982801,-8.307943159066394,9.578842636064278,False,0.0
2024-11-05,2.8682067,0.9389025515980693,-8.007389987089907,9.558141425279793,False,0.0
2024-11-06,1.3245547,0.9325144035278006,-8.157579463517568,10.060256485743814,False,0.0
2024-11-07,0.55089694,0.9318532897961453,-7.766913615530734,9.887990316943332,False,0.0
2024-11-08,3.2068918,0.9372201409653147,-8.257870233290097,10.19523219762192,False,0.0
2024-11-09,3.5122614,0.9487476554707768,-7.787499263795878,9.86669128899897,False,0.0
2024-11-10,0.81040263,0.9663981804015773,-7.170725046971119,9.562942350950348,False,0.0
2024-11-11,0.39536157,0.9899666549645159,-8.013177401128981,9.744694352505173,False,0.0
2024-11-12,0.68453455,1.0190884420038393,-7.557670932349718,10.023695263449452,False,0.0
2024-11-13,0.4404043,1.0532517285101552,-7.261017273136726,9.830867115482969,False,0.0
2024-11-14,0.30924743,1.0918140436700763,-7.993243242856249,10.002190440376163,False,0.0
2024-11-15,0.8848604,1.1340223265268174,-7.822689928246813,10.47933382768264,False,0.0
2024-11-16,1.8128866,1.1790358780602852,-8.170340863127755,10.040126935180007,False,0.0
2024-11-17,1.8617113,1.225951457192612,-7.754356489933748,9.525924381087739,False,0.0
2024-11-18,2.9539745,1.2738297288086569,-7.802501248754076,10.128380686553292,False,0.0
2024-11-19,1.4071956,1.3217222456222102,-6.870943369710854,10.514048487575437,False,0.0
2024-11-20,0.808215,1.3686981450068767,-6.837102344471812,9.660589283192255,False,0.0
2024-11-21,0.34303766,1.4138697664061155,-7.409752669432909,9.57054288678475,False,0.0
2024-11-22,0.60013336,1.4564164434770004,-7.630857182607104,9.573591322756327,False,0.0
2024-11-23,0.12597507,1.495605795841713,-7.502357711668705,10.396156279175733,False,0.0
2024-11-24,0.38331747,1.530811935674862,-7.873361483800029,9.772042901000543,False,0.0
2024-11-25,0.21924078,1.5615301112318383,-7.469112858722651,10.181014379916368,False,0.0
2024-11-26,0.1330624,1.5873874292279637,-7.504676502148981,10.107784101426194,False,0.0
2024-11-27,0.22163987,1.6081494267565195,-7.0708769431279626,10.718201669414,False,0.0
2024-11-28,0.8860331,1.6237223970235957,-7.528886983294733,10.639171959606012,False,0.0
2024-11-29,1.0052032,1.634151507286223,-6.732688225638287,10.073844496468176,False,0.0
2024-11-30,0.14319022,1.6396148777848032,-7.496255862247817,10.636708626734135,False,0.0
2024-12-01,0.34546375,1.6404139130925097,-7.261092288046757,10.292071032828877,False,0.0
2024-12-02,3.4600015,1.6369602884035068,-6.671140989340608,10.246698073768908,False,0.0
2024-12-03,2.6053667,1.629760089480529,-7.3739270041873635,10.398505541782686,False,0.0
2024-12-04,1.92536,1.6193956834659853,-8.216034995547476,11.046095017846653,False,0.0
2024-12-05,0.45253834,1.606505956269478,-7.189948991832801,9.519740725902222,False,0.0
2024-12-06,1.0562172,1.5917655892174944,-6.691733575361487,10.51932617577943,False,0.0
2024-12-07,2.948825,1.575864062215271,-7.7793232535748205,10.491723460645849,False,0.0
2024-12-08,1.6387686,1.559485062691684,-6.705339112610781,10.372934743294177,False,0.0
2024-12-09,1.8122218,1.543286949664043,-7.202912419025995,9.828846539028165,False,0.0
2024-12-10,0.35117286,1.5278848716619384,-7.21132700853088,10.21091283451845,False,0.0
2024-12-11,1.6405517,1.5138350679148267,-7.093758322356438,10.831889967648099,False,0.0
2024-12-12,1.4317051,1.5016217966960002,-7.24828725068789,10.006364207712467,False,0.0
2024-12-13,0.25587612,1.491647236012151,-7.412735561591562,10.140273571256232,False,0.0
2024-12-14,2.351982,1.4842245933952212,-7.138525035465194,10.594219375951935,False,0.0
2024-12-15,1.7746919,1.479574547066378,-7.14563358291744,10.712578379448718,False,0.0
2024-12-16,1.985736,1.4778250241021103,-7.01795766139475,10.009270989260425,False,0.0
2024-12-17,1.3652462,1.479014206318807,-6.799680054508696,10.28225507802857,False,0.0
2024-12-18,0.7752164,1.4830965452391713,-6.950130250418542,10.187902090910718,False,0.0
2024-12-19,2.053716,1.4899514673071819,-7.735059165630783,9.740673926374923,False,0.0
2024-12-20,2.5258677,1.4993943627452457,-7.149171853852186,10.249879093671169,False,0.0
2024-12-21,2.3820202,1.5111893789397335,-7.651623236808438,10.591918255586203,False,0.0
2024-12-22,3.4447997,1.5250634843100404,-7.087930046942186,11.388170537189563,False,0.0
2024-12-23,0.30969748,1.5407212329713234,-7.412992477809532,10.416822841964851,False,0.0
2024-12-24,0.41916773,1.5578596452168512,-7.925621747722872,9.911956710567555,False,0.0
2024-12-25,1.377876,1.5761826242706287,-7.8777195800914255,10.435713577452962,False,0.0
2024-12-26,0.044513956,1.595414355633052,-7.231978969596322,10.441926195591236,False,0.0
2024-12-27,0.7727856,1.6153111805919464,-6.801757968913805,9.712875102686292,False,0.0
2024-12-28,3.2958124,1.6356714985240621,-6.788384596895156,10.370136247115095,False,0.0
2024-12-29,0.17176801,1.6563433311830746,-6.457319964726989,10.38299309651136,False,0.0
2024-12-30,1.1862308,1.6772292735307581,-6.790324783093164,10.517890890111783,False,0.0
2024-12-31,1.411986,1.6982886566172413,-6.722578465848201,9.987928123393433,False,0.0
2025-01-01,1.9154614,1.7195368550746783,-6.4800547974600535,10.655632375668892,False,0.0
2025-01-02,1.1131531,1.7410417812280525,-6.635759743759491,10.167921145214203,False,0.0
2025-01-03,1.2050284,1.7629177158638079,-6.620363239317101,10.614353579392317,False,0.0
2025-01-04,2.5593884,1.7853167285768843,-6.850490042930845,10.04426669807642,False,0.0
2025-01-05,1.7161766,1.8084180347585992,-7.0195767391235515,11.112396285763467,False,0.0
2025-01-06,3.5183096,1.8324157183759116,-6.8190130347334765,10.30922303064821,False,0.0
2025-01-07,4.56413,1.8575053168325173,-7.120307558284836,10.76178036736073,False,0.0
2025-01-08,0.057041313,1.8838698139674077,-6.768027133390448,10.218380280450337,False,0.0
2025-01-09,1.7768592,1.9116656177853726,-6.512134072998979,10.392195948691656,False,0.0
2025-01-10,2.42424,1.9410091096349438,-6.56636601728676,10.955888709951738,False,0.0
2025-01-11,3.2024164,1.9719643406972935,-6.705295924352493,11.175853563749145,False,0.0
2025-01-12,11.991553,2.0045324200208126,-7.631893099953846,10.501696105209515,True,1.4898568947904849
2025-01-13,10.173745,2.0386430867705423,-5.8902224400051955,11.165278331770535,False,0.0
2025-01-14,8.39658,2.074148889434344,-6.701297705676426,11.918340704357599,False,0.0
2025-01-15,1.807219,2.1108223085857296,-6.129367650420571,11.626688629012964,False,0.0
2025-01-16,2.041428,2.1483560602002374,-6.836469477272754,10.820307893353414,False,0.0
2025-01-17,1.2732253,2.1863667066560324,-6.662655728375976,10.819651478587604,False,0.0
2025-01-18,0.7817278,2.2244015860354667,-6.329911560829125,10.886587740951223,False,0.0
2025-01-19,1.7495122,2.2619489509929984,-6.95801809845098,11.505809654595526,False,0.0
2025-01-20,1.2206467,2.2984510903066715,-6.417518063715799,11.199160701185665,False,0.0
2025-01-21,1.2821257,2.333320093248802,-6.643186507343446,10.986164620816313,False,0.0
2025-01-22,3.6288953,2.365955812991831,-6.839089614678056,11.14078167383105,False,0.0
2025-01-23,2.0404272,2.3957654940478386,-6.764812479057656,11.588228340722704,False,0.0
2025-01-24,0.6608162,2.4221844534834114,-5.895276818192491,10.987806449743013,False,0.0
2025-01-25,2.141151,2.4446971491486424,-5.471937285675965,11.009580519940274,False,0.0
2025-01-26,4.875353,2.4628579326266604,-6.654931439147758,11.076983191732975,False,0.0
2025-01-27,5.0482516,2.476310771615232,-5.851988059979386,11.634677037625499,False,0.0
2025-01-28,10.494715,2.4848072368505103,-5.984628983923658,11.33292730882177,False,0.0
2025-01-29,2.8461435,2.48822208258811,-6.196128074223993,10.937428362993597,False,0.0
2025-01-30,1.9018881,2.4865658064187093,-5.77066349277828,11.585919064959054,False,0.0
2025-01-31,0.14865929,2.479993652424717,-5.680233575071594,10.993336293606712,False,0.0
2025-02-01,2.9930446,2.4688106192743455,-6.219404389108365,11.279239973804724,False,0.0
2025-02-02,2.068829,2.4534721490394356,-6.743167782445597,11.704639659291345,False,0.0
2025-02-03,4.110489,2.4345802999774553,-6.141955049013651,10.995326814892064,False,0.0
2025-02-04,8.907717,2.4128753434323245,-6.456950176499942,10.91824320570083,False,0.0
2025-02-05,17.177511,2.389222867198005,-6.859851890214279,11.050754303965615,True,6.126756696034384
2025-02-06,6.813136,2.364596610749503,-6.111238110650184,11.575085947902865,False,0.0
2025-02-07,2.6752863,2.340057397167234,-5.712828502960485,11.031857921873916,False,0.0
2025-02-08,0.875074,2.316728657901926,-6.656231181059353,11.39762899473452,False,0.0
2025-02-09,3.110758,2.2957691654360963,-7.062016075076198,11.131789892497366,False,0.0
2025-02-10,0.8528504,2.2783436914637236,-6.527120999556518,11.15954975334539,False,0.0
2025-02-11,0.7683698,2.2655923908756144,-7.117876141567889,10.582614240659993,False,0.0
2025-02-12,1.2754761,2.258599771667797,-6.45496287963785,11.116974414786032,False,0.0
2025-02-13,1.6429553,2.2583641455880414,-7.122637333125418,11.471652713479308,False,0.0
2025-02-14,0.43564636,2.2657684623328773,-5.966572826624752,10.861322026735673,False,0.0
2025-02-15,1.971902,2.281553410690711,-6.742434538051029,11.122091209387179,False,0.0
2025-02-16,5.1591425,2.306293623259123,-6.472866529187912,11.402787334511988,False,0.0
2025-02-17,2.4641037,2.340377748185829,-5.4112876725580525,10.529071835008013,False,0.0
2025-02-18,1.5844116,2.3839930535794878,-6.340621479920717,10.944465062123129,False,0.0
2025-02-19,2.4544268,2.4371151103500512,-5.977000260953655,10.570996506744375,False,0.0
2025-02-20,0.16106087,2.4995029605160957,-6.297907224401964,11.32183062874951,False,0.0
2025-02-21,0.76218915,2.57070002442346,-6.322609977052,11.315445153928682,False,0.0
2025-02-22,1.5753889,2.650040836202777,-6.273472951218275,11.00597091333112,False,0.0
2025-02-23,2.8109763,2.7366635270087007,-6.2807194174965195,11.278100321223798,False,0.0
2025-02-24,1.197819,2.8295278051734307,-5.965366071152413,11.27209359313857,False,0.0
2025-02-25,1.3897779,2.9274380165226,-5.905798238715896,11.340950797803488,False,0.0
2025-02-26,0.6413529,3.0290707118368405,-5.702190093247108,11.721693602737837,False,0.0
2025-02-27,10.654352,3.1330060066766157,-5.356684481947941,12.129232137434348,False,0.0
2025-02-28,6.1516347,3.237761896044765,-5.567901884548542,11.825168897947378,False,0.0
2025-03-01,4.040461,3.341830586624523,-5.618753309975498,12.139022740966887,False,0.0
2025-03-02,4.954712,3.44371583596918,-5.298485819676842,12.282108105762354,False,0.0
2025-03-03,4.5402493,3.541970243679877,-4.610005687024548,12.240348563234491,False,0.0
2025-03-04,4.121336,3.6352314260259657,-5.946463813332309,12.125969898176509,False,0.0
2025-03-05,1.1356982,3.7222560235375504,-5.154737783808809,12.627208072559164,False,0.0
2025-03-06,4.4425178,3.8019505407877645,-5.341845565791894,13.307804271204052,False,0.0
2025-03-07,3.9680269,3.873398097805728,-4.643461122287355,12.099877319677903,False,0.0
2025-03-08,3.825925,3.9358802814531852,-5.353314255769188,12.05679534913362,False,0.0
2025-03-09,4.7527905,3.988893419715059,-4.59216482259102,12.632979202784979,False,0.0
2025-03-10,1.1256311,4.0321587586579035,-4.512168195661201,12.396782265725498,False,0.0
2025-03-11,1.81947,4.065626196301742,-4.9638422241066165,13.043146735747012,False,0.0
2025-03-12,2.9407282,4.089471414988908,-4.67642962413747,12.689954388928205,False,0.0
2025-03-13,2.4293575,4.104086448496642,-4.1826718826836045,13.106497299851853,False,0.0
2025-03-14,10.994392,4.110063916469507,-4.748945306935773,12.538899810352326,False,0.0
2025-03-15,6.980327,4.1081753508877545,-4.646069741953801,13.07851966497995,False,0.0
2025-03-16,7.0040493,4.099344221414996,-5.146149796331677,12.219196013684094,False,0.0
2025-03-17,6.5042343,4.084614433021802,-4.472938963480715,13.208445093355587,False,0.0
2025-03-18,1.5961787,4.065115215050076,-4.644833875645742,12.620569873179583,False,0.0
2025-03-19,3.8487806,4.042023441211736,-4.929900079430721,13.670586272445956,False,0.0
2025-03-20,1.2060184,4.016524510957715,-4.966105314718451,12.40003314617804,False,0.0
2025-03-21,0.82528204,3.989772981056829,-4.574478710904058,13.0994079656865,False,0.0
2025-03-22,0.78523624,3.962854159884761,-5.077586481481959,12.346072663633334,False,0.0
2025-03-23,1.2777388,3.9367478646180425,-4.727889970872752,12.585357227705343,False,0.0
2025-03-24,0.08610967,3.912295493104881,-4.240246378986945,12.53824356185059,False,0.0
2025-03-25,1.9602392,3.89017147853927,-4.830456435302584,12.349839212022967,False,0.0
2025-03-26,0.0128933955,3.8708600781754434,-5.125915881202561,11.842214783387583,False,0.0
2025-03-27,4.203549,3.8546383001470863,-5.192106664286799,12.377694663118014,False,0.0
2025-03-28,3.2623062,3.8415655989287067,-4.903988466471562,12.815318902489473,False,0.0
2025-03-29,1.4865222,3.8314807748335697,-5.585233730568063,12.668600746921332,False,0.0
2025-03-30,1.5146408,3.824006301647742,-4.522531465839276,12.601752198666937,False,0.0
2025-03-31,0.66075027,3.8185600850419315,-5.4811550421328175,11.989126359212399,False,0.0
2025-04-01,2.991422,3.8143744292038813,-5.026571997813181,13.00101491258984,False,0.0
2025-04-02,5.948249,3.8105217667595266,-4.778075135465405,12.369427989272525,False,0.0
2025-04-03,3.610156,3.8059464941093046,-4.6790241693848,12.280863891827561,False,0.0
2025-04-04,2.5979297,3.7995020572376994,-5.226880847787545,11.825044478056174,False,0.0
2025-04-05,1.1558642,3.789992257872913,-5.21375919169503,11.968486274135879,False,0.0
2025-04-06,3.874401,3.7762156020972792,-3.960669353944305,13.474618230449037,False,0.0
2025-04-07,1.6907763,3.7570113978794115,-4.807527791058636,12.321471634529454,False,0.0
2025-04-08,1.0327034,3.7313062284426692,-4.736132671448262,12.368593041818931,False,0.0
2025-04-09,2.7838082,3.698159387760051,-4.493817409585452,12.669633371431084,False,0.0
2025-04-10,1.7699943,3.6568058646094816,-4.710277019022804,13.052459543278484,False,0.0
2025-04-11,2.966794,3.6066955031686003,-4.9766265900513815,11.884882127072018,False,0.0
2025-04-12,4.2442408,3.5475270505164294,-5.003749581071562,12.68515482715398,False,0.0
2025-04-13,1.8422385,3.4792759229137404,-4.656622618306222,12.284911398372977,False,0.0
2025-04-14,2.4132211,3.4022146804378193,-5.723196001010263,12.607024725436984,False,0.0
2025-04-15,1.964762,3.3169253894859745,-5.695674820285928,11.397950023621263,False,0.0
2025-04-16,0.31786332,3.2243032698301266,-5.938501503674444,11.804839470142293,False,0.0
2025-04-17,0.5463234,3.1255512615055085,-5.3094851138757795,12.513042575174115,False,0.0
2025-04-18,0.8402348,3.022165400310034,-5.493473533985451,11.928754433499547,False,0.0
2025-04-19,1.1955005,2.9159111520156773,-5.130412137169438,11.492066984392096,False,0.0
2025-04-20,4.87922,2.8087911172367477,-5.90762813527514,11.4321579098924,False,0.0
2025-04-21,3.9864087,2.703004773716997,-6.05597048056226,11.499343309086257,False,0.0
2025-04-22,1.3012197,2.600901163266253,-6.01885127230265,11.828934408515023,False,0.0
2025-04-23,0.25790036,2.5049256495967844,-6.509595251891776,12.033368981576693,False,0.0
2025-04-24,2.2453575,2.417562064342964,-6.678632420659974,10.612093444061204,False,0.0
2025-04-25,2.6720042,2.341271715770718,-5.930146878962606,10.863996062906015,False,0.0
2025-04-26,0.25210035,2.2784308531059394,-6.554903232807834,10.766589913481795,False,0.0
2025-04-27,0.41258532,2.2312682551702334,-6.32697280939428,11.22587626888874,False,0.0
2025-04-28,0.5041579,2.201804642310051,-6.878440648761526,10.883264329777653,False,0.0
2025-04-29,0.29880306,2.1917955939706495,-6.345908040976298,10.8091447649597,False,0.0
2025-04-30,0.09364387,2.2026795904903187,-6.626138029973683,11.068047040780387,False,0.0
2025-05-01,0.18685682,2.235532687895977,-7.52042874685921,11.383352342533682,False,0.0
2025-05-02,0.9122291,2.2910311811565736,-6.609853670022319,10.71041813645035,False,0.0
2025-05-03,0.65367913,2.369423418134574,-5.840803262657989,10.857151476664596,False,0.0
2025-05-04,1.2106519,2.4705116982796134,-6.959446694432361,11.11729386768943,False,0.0
2025-05-05,1.6850543,2.593644932803914,-6.659757927630077,11.185490603699302,False,0.0
2025-05-06,2.9961205,2.737722463467411,-5.741638990284788,11.395009273666181,False,0.0
2025-05-07,1.1231531,2.9012091426424904,-5.896031982812085,11.25048320257829,False,0.0
2025-05-08,1.9332023,3.0821614760267124,-5.558273346584261,11.851580143179802,False,0.0
2025-05-09,2.1971376,3.2782643294581635,-5.986847005211847,12.074922860885174,False,0.0
2025-05-10,2.6409814,3.486877411088858,-5.6152110799041,12.844800035649298,False,0.0
2025-05-11,0.20086561,3.7050904677834646,-5.239101699996477,12.357640303652733,False,0.0
2025-05-12,0.22568968,3.9297858877434733,-3.8668502336204695,12.532162238772148,False,0.0
2025-05-13,0.9630382,4.157707187104375,-3.9476112112087054,12.966133392498985,False,0.0
2025-05-14,4.3122044,4.385531682801629,-4.058530075028607,13.319094127916413,False,0.0
2025-05-15,21.762098,4.609945522627813,-4.143252667459265,13.27013176416364,True,8.491966235836362
2025-05-16,11.662859,4.827719160075194,-4.03761224106275,13.139508377748184,False,0.0
2025-05-17,5.293542,5.0357813291372695,-3.8609279094584803,13.802236878484953,False,0.0
2025-05-18,15.460778,5.231289593956978,-3.748182906184079,14.206054466169842,True,1.2547235338301572
2025-05-19,7.8207703,5.411695620125844,-3.057478678205394,13.560587027446374,False,0.0
2025-05-20,14.62804,5.574803436985237,-3.7963842419393035,14.095697100552226,True,0.5323428994477748
2025-05-21,29.86557,5.718819130565753,-3.9788335673352226,14.905336519796727,True,14.960233480203275
2025-05-22,2.1857996,5.842390620574877,-2.886442581813036,14.420139466527193,False,0.0
2025-05-23,2.1797502,5.944636426654592,-2.716748894181618,14.337411830897443,False,0.0
2025-05-24,3.5573006,6.025162612378859,-2.920433047252261,15.247137590472946,False,0.0
2025-05-25,8.728315,6.084067402708971,-2.8697530152315776,15.395478703327658,False,0.0
2025-05-26,2.5461648,6.121933293666038,-2.1218862877893634,15.146356122025932,False,0.0
2025-05-27,4.7366853,6.1398068031700666,-2.8898449105709716,14.378946922495127,False,0.0
2025-05-28,3.254085,6.139166340383323,-3.1070861971808736,14.238092416155126,False,0.0
2025-05-29,2.8552213,6.1218789885801215,-2.579099469740415,14.695208256341564,False,0.0
2025-05-30,1.8179035,6.090147294850924,-3.133154312792287,15.149173664646508,False,0.0
2025-05-31,1.9758099,6.046447430621068,-2.57282685172692,14.744983769705087,False,0.0
2025-06-01,3.0991004,5.993460322550721,-2.3660053354572135,14.300381290780615,False,0.0
2025-06-02,4.6838093,5.933997547289963,-3.0916152210229746,14.11037786418072,False,0.0
2025-06-03,4.1382136,5.870923930327333,-2.341514719424682,15.274639073180944,False,0.0
2025-06-04,5.316211,5.807078884601513,-3.2837945961167816,14.476725610810993,False,0.0
2025-06-05,3.5255847,5.745198565802605,-2.3141766379836115,14.079133560341166,False,0.0
2025-06-06,3.246423,5.687840907022923,-2.6395381859423837,14.080904124941267,False,0.0
2025-06-07,2.309313,5.6373155257865655,-2.8638998110037845,14.239697176413449,False,0.0
2025-06-08,2.8609343,5.595620373160196,-3.3945838826774097,14.479687699073839,False,0.0
2025-06-09,3.4627314,5.5643868207347325,-3.207233040588699,14.690537410251226,False,0.0
2025-06-10,3.4353714,5.544834661339918,-3.019532080041886,14.097608117612225,False,0.0
2025-06-11,1.5537705,5.5377382391623176,-3.425635126831779,14.509646687574316,False,0.0
2025-06-12,1.1165379,5.543404631417459,-3.42887547525621,13.954609577662684,False,0.0
2025-06-13,4.528752,5.56166448470729,-3.2417666413476867,14.010011776797427,False,0.0
2025-06-14,6.2798223,5.591875773227748,-2.9183225966026076,14.386854609500949,False,0.0
2025-06-15,11.936898,5.632940402108091,-3.3289867993085345,13.95012336264446,False,0.0
2025-06-16,0.47992292,5.683333236639582,-3.0770731591103666,14.849873380480526,False,0.0
2025-06-17,11.668372,5.741142806223985,-2.8227700977630215,14.672266437102977,False,0.0
2025-06-18,6.114958,5.804122619531329,-2.8843113298129994,14.407551077604328,False,0.0
2025-06-19,12.873885,5.869751743052152,-3.124122249608318,14.387329091876163,False,0.0
2025-06-20,11.143742,5.935303046670237,-2.526260612220117,14.511158869768437,False,0.0
2025-06-21,5.830513,5.99791731380709,-2.9460471282439538,15.043278378274428,False,0.0
2025-06-22,5.117698,6.054681255702368,-2.4868988102473306,15.03930980480083,False,0.0
2025-06-23,3.644413,6.102707363780248,-2.7083251983599594,15.623098092544696,False,0.0
2025-06-24,3.1960995,6.139213483664204,-2.513488474730655,15.99624294086753,False,0.0
2025-06-25,2.954923,6.1616000006447,-2.577561271194626,14.914495338119782,False,0.0
2025-06-26,3.7523642,6.1675225890726955,-2.6496410314023193,14.970562213965339,False,0.0
2025-06-27,5.1591744,6.154958595550871,-2.6122758179618244,14.947015444046217,False,0.0
2025-06-28,21.660345,6.122265294753577,-2.870220305350004,15.00760631798045,True,6.6527386820195495
2025-06-29,8.112205,6.068228472606991,-2.436661276837573,15.318459697961535,False,0.0
2025-06-30,4.019499,5.992100048562532,-3.20846844491461,13.967991982791602,False,0.0
2025-07-01,12.697353,5.893623739820691,-2.7786379745133463,14.987586170935261,False,0.0
2025-07-02,20.142199,5.773048087721225,-2.959244466311836,14.40844601717379,True,5.733752982826212
2025-07-03,1.8329568,5.6311265015175795,-3.4545824378937677,14.05074574062892,False,0.0
2025-07-04,2.0172675,5.469104318335756,-3.1966432566605554,14.032786116742308,False,0.0
2025-07-05,1.1425428,5.28869322103486,-3.73772061032342,14.14982953541837,False,0.0
2025-07-06,0.91548264,5.09203368865111,-3.424817649274318,13.687588957737717,False,0.0
2025-07-07,1.8365084,4.881646468253555,-4.1152223016122305,13.556933064208994,False,0.0
2025-07-08,3.4440672,4.660374343872027,-4.498200633380521,12.749997262128783,False,0.0
2025-07-09,3.1976328,4.431315730114951,-4.613254699964692,12.975282725894077,False,0.0
2025-07-10,9.217697,4.197751828445744,-4.23097025956226,13.322191426673111,False,0.0
2025-07-11,7.4959393,3.963069247322138,-4.403015894835189,13.230032703533782,False,0.0
2025-07-12,3.6657033,3.7306800993666185,-5.143196448703255,12.208464481792989,False,0.0
2025-07-13,3.6698048,3.503941646476242,-5.263282454991727,11.976796832532681,False,0.0
2025-07-14,6.1074166,3.2860775661514863,-5.733563599406056,12.305769227053046,False,0.0
2025-07-15,3.3352895,3.0801028593553736,-5.044893602142481,12.452930077452663,False,0.0
2025-07-16,1.5595474,2.8887543136855807,-5.593932356491152,11.157405623254924,False,0.0
2025-07-17,1.470329,2.714428278688262,-5.781338777310695,11.148332090542125,False,0.0
2025-07-18,0.6917336,2.559127307207305,-6.6580513448285,11.01663459422874,False,0.0
2025-07-19,4.256124,2.424416973566493,-5.807378745911613,11.24667143605977,False,0.0
2025-07-20,3.6269598,2.311393902815696,-6.750539063013682,10.962762644776774,False,0.0
2025-07-21,1.0225855,2.220665743003116,-6.425437819625398,10.598545944411779,False,0.0
2025-07-22,2.9449859,2.152343492720597,-6.76477365819111,10.398759475038323,False,0.0
2025-07-23,3.4839575,2.1060462677930634,-5.495823116702475,10.784321454398585,False,0.0
2025-07-24,3.1065576,2.0809182628857448,-6.809036383756947,10.629870280951407,False,0.0
2025-07-25,1.8296506,2.0756573448432487,-6.666086589969776,10.064056215351421,False,0.0
2025-07-26,1.1374321,2.0885544133331595,-6.429420236739743,11.27772482894255,False,0.0
2025-07-27,3.836021,2.117542388862383,-6.723827845675284,9.969440361167573,False,0.0
2025-07-28,10.34846,2.160253445726828,-6.452477374117001,10.403138310299578,False,0.0
2025-07-29,6.4916973,2.2140829042643064,-6.88487296275941,10.838359796810991,False,0.0
2025-07-30,1.7785696,2.276258038087647,-6.422139766303174,11.121164813122682,False,0.0
2025-07-31,1.0772433,2.343909941714615,-6.266770218553004,11.368167403721417,False,0.0
2025-08-01,3.1070309,2.4141465447268677,-6.445375070557343,10.705165631639474,False,0.0
2025-08-02,4.4193835,2.484124851477607,-6.365361225187982,11.110992496886738,False,0.0
2025-08-03,11.355952,2.551120530093071,-6.084949476902189,11.079306402435169,True,0.27664559756483165
2025-08-04,9.974315,2.612593069376677,-5.569942882060819,11.490814659115166,False,0.0
2025-08-05,6.6540427,2.666244864147487,-5.892692159889243,12.005826956498018,False,0.0
2025-08-06,2.8676288,2.7100727741871298,-5.303948269447627,11.471486936333621,False,0.0
2025-08-07,1.2992771,2.7424109238223506,-6.339541254655012,11.39001094765643,False,0.0
2025-08-08,1.0881556,2.761963761785364,-6.3346642193221765,11.640113509607911,False,0.0
2025-08-09,4.2272863,2.767828677137726,-6.472491065202642,10.949964010053389,False,0.0
2025-08-10,0.53493255,2.7595077588349226,-5.440300185843138,11.12355391572995,False,0.0
2025-08-11,1.7348893,2.736908585817382,-6.019129021011074,11.181551255875199,False,0.0
2025-08-12,3.2870586,2.700334232970174,-5.976925787437195,11.333431662410634,False,0.0
2025-08-13,1.7795423,2.6504629677305904,-7.213567453499467,10.665497423738477,False,0.0
2025-08-14,3.2862267,2.5883183846335585,-6.012612907371712,11.425791238841121,False,0.0
2025-08-15,43.24724,2.5152309733671996,-5.790534268653054,11.575522792847723,True,31.671717207152277
2025-08-16,11.752371,2.432792333377761,-6.266231286573862,11.19559928843413,True,0.5567717115658706
2025-08-17,3.8087,2.342803429079945,-6.605316916325292,11.339840461125094,False,0.0
2025-08-18,0.9764144,2.2472184197216762,-6.231650693047924,11.826430450463391,False,0.0
2025-08-19,3.0706491,2.1480856935499184,-6.720358626763457,10.836672963340005,False,0.0
2025-08-20,3.3608885,2.047487785024069,-7.623146406255923,10.960213556445895,False,0.0
2025-08-21,4.2967854,1.9474818556772826,-7.259645538815909,10.386485300222141,False,0.0
2025-08-22,4.2190285,1.8500423743562173,-7.186183590736574,10.72713455907219,False,0.0
2025-08-23,2.633122,1.7570075428648506,-7.456172376576327,10.61864179918535,False,0.0
2025-08-24,0.88043267,1.6700308816082714,-7.2464093558738165,10.92752991231677,False,0.0
2025-08-25,3.5327308,1.5905392208715337,-6.387618053167807,10.505886229922526,False,0.0
2025-08-26,1.2414908,1.519698142163087,-7.206098825241731,10.659181011564229,False,0.0
2025-08-27,1.3255659,1.4583856866632117,-7.73012319725457,9.520054141401266,False,0.0
2025-08-28,3.2388577,1.4071749010138543,-7.320635693606943,10.854994525892254,False,0.0
2025-08-29,5.196835,1.3663255316629128,-7.159503322242904,9.919731345774355,False,0.0
2025-08-30,3.989932,1.3357849152449814,-7.0982913045908,9.942248609429404,False,0.0
2025-08-31,18.373173,1.315197851529031,-7.333564234876732,10.05223920488458,True,8.32093379511542
2025-09-01,4.702406,1.3039249946537368,-7.726002819208688,10.017747435666557,False,0.0
2025-09-02,4.8376713,1.301069064669411,-7.28847674125225,10.213361013045304,False,0.0
2025-09-03,5.276815,1.3055079711998863,-7.1638660471577085,9.986149985509998,False,0.0
2025-09-04,5.0556183,1.315933759982904,-7.4053014747018,10.3503966619612,False,0.0
2025-09-05,6.549736,1.3308961458788071,-7.240752759073592,9.715666124906136,False,0.0
2025-09-06,3.751338,1.3488492863731647,-7.119711287593927,9.96497268672788,False,0.0
2025-09-07,1.8514781,1.3682003802507674,-7.412048135475548,10.169866280711329,False,0.0
2025-09-08,5.0726233,1.3873586483595186,-6.607922890004742,9.787899791016276,False,0.0
2025-09-09,4.1671,1.4047832674801721,-7.424263157206973,10.427925696762852,False,0.0
2025-09-10,0.4195627,1.4190288831961624,-7.2047847675319625,10.041405001754683,False,0.0
2025-09-11,1.1305941,1.428787421238706,-7.163302326313744,10.198515735169723,False,0.0
2025-09-12,0.31849587,1.4329250457656526,-8.067343291975522,10.650706501335675,False,0.0
2025-09-13,1.9857085,1.4305132732248576,-7.119999215070795,10.132113450489653,False,0.0
2025-09-14,1.246362,1.4208534368152124,-6.268755368784203,9.509827893447737,False,0.0
2025-09-15,0.5870621,1.4034939032864047,-7.8871902538056915,9.537592950837865,False,0.0
2025-09-16,0.18367171,1.3782396647103048,-7.266019381517424,9.946033143614496,False,0.0
2025-09-17,2.9355135,1.345154156272642,-8.19577788974645,9.500412459832823,False,0.0
2025-09-18,1.8431892,1.3045533803773237,-7.348309856416286,9.838710533382534,False,0.0
2025-09-19,3.0451555,1.2569926407565422,-7.377505691198403,10.29355593476688,False,0.0
2025-09-20,1.1213843,1.2032464014410642,-7.890618695951561,10.316957122946965,False,0.0
2025-09-21,1.7460184,1.144281978390346,-7.6809628454423535,9.604517483314892,False,0.0
2025-09-22,2.2875082,1.0812279409534782,-7.578837448183184,9.42898693361922,False,0.0
2025-09-23,1.2478894,1.0153382415606327,-7.509845762389205,9.59423039189149,False,0.0
2025-09-24,3.454498,0.9479532013302421,-8.399178408898573,10.159926306296542,False,0.0
2025-09-25,2.133111,0.8804585539734817,-8.336801525280045,9.358446058926225,False,0.0
2025-09-26,1.4723909,0.8142437886974734,-7.873028469933725,9.376070803700742,False,0.0
2025-09-27,0.19425815,0.7506610341933158,-7.839586707669386,9.37541026246421,False,0.0
2025-09-28,0.35283923,0.690985690701208,-7.985496656250693,9.23416014918878,False,0.0
2025-09-29,0.5523831,0.6363799470913785,-7.706258250211709,9.444600107646234,False,0.0
2025-09-30,5.591362,0.5878602174509653,-7.969812106948046,9.023885499932614,False,0.0
2025-10-01,6.4413333,0.5462694002698245,-7.95534286602226,8.86033937477473,False,0.0
2025-10-02,3.8168585,0.5122547072168366,-7.59620182036868,9.116206456206992,False,0.0
2025-10-03,1.7598681,0.4862516326573836,-7.749616659828781,8.716174376799213,False,0.0
2025-10-04,0.35089386,0.4684744448946154,-8.424471898167937,9.066976161479966,False,0.0
2025-10-05,2.3265665,0.45891338145858995,-8.486324199997316,8.305451779208413,False,0.0
2025-10-06,0.29851314,0.45733852955134147,-7.687607126630985,8.506698056625904,False,0.0
2025-10-07,0.3789539,0.4633101750018973,-8.012692837828972,9.33909840809194,False,0.0
2025-10-08,1.0551797,0.4761952145523942,-7.791610916164012,9.398912589648779,False,0.0
2025-10-09,2.3608363,0.4951890524456668,-8.313063239406269,8.670360341446292,False,0.0
2025-10-10,1.3003333,0.5193422480707506,-8.496790450578532,9.157282484312027,False,0.0
2025-10-11,2.3020902,0.547591051125236,-8.264886997948352,9.564615652224164,False,0.0
2025-10-12,1.5289403,0.5787908579222307,-8.366724697219485,9.657966456396629,False,0.0
2025-10-13,2.501471,0.6117515497786685,-7.997718770482315,9.530990731431398,False,0.0
2025-10-14,0.842666,0.6452736336251736,-8.084829151098814,9.066864335993348,False,0.0
2025-10-15,1.3027787,0.6781840968419945,-8.269503645004901,9.819666823016394,False,0.0
2025-10-16,0.6541703,0.7093709126612842,-8.241068374026419,9.297046912015086,False,0.0
2025-10-17,1.3779036,0.7378151881283517,-7.727637132289514,9.459727328186014,False,0.0
2025-10-18,1.540932,0.7626200314769278,-7.346648715818791,9.026721529768743,False,0.0
2025-10-19,0.064099826,0.7830353269472117,-8.314825430657088,9.25093157529305,False,0.0
2025-10-20,0.47622788,0.7984777388854856,-7.934277745046717,9.31831863024886,False,0.0
2025-10-21,2.3648343,0.8085454190972501,-8.196220036433548,9.6900927170991,False,0.0
2025-10-22,0.5485474,0.8130270571122893,-8.106469971129258,9.469946618243037,False,0.0
2025-10-23,3.6018171,0.8119050871115048,-8.805667767135496,9.52049136340277,False,0.0
2025-10-24,3.5677557,0.8053530424521274,-8.941622448717762,9.636368401316517,False,0.0
2025-10-25,2.2378879,0.7937272236518587,-8.077917062521713,9.373646242153553,False,0.0
2025-10-26,1.0203023,0.7775530131682491,-8.221767908529543,9.107960646311076,False,0.0
2025-10-27,2.4992356,0.7575063254013339,-8.285860974369127,8.920100262914943,False,0.0
2025-10-28,3.2146308,0.7343908185829919,-7.708067067209196,9.756520638308649,False,0.0
2025-10-29,2.0221004,0.7091116126738086,-8.355545527438897,8.87811486691321,False,0.0
2025-10-30,4.010987,0.6826463508363261,-8.639195456924151,9.18849555470162,False,0.0
2025-10-31,0.1514521,0.6560145089915554,-7.804550285522063,10.010578048596445,False,0.0
2025-11-01,0.58438516,0.6302458967843367,-8.145002803921072,9.069873727271034,False,0.0
2025-11-02,0.64269835,0.6063493031567688,-8.35499388588589,9.610474843841835,False,0.0
2025-11-03,0.54192376,0.5852822208190285,-7.483268761477475,9.540260929674346,False,0.0
2025-11-04,0.4191743,0.5679225371360808,-8.293430231188056,9.190731492236878,False,0.0
2025-11-05,0.33080414,0.5550430061666123,-7.871310687412492,8.801186428289233,False,0.0
2025-11-06,0.30241776,0.5472892203265303,-8.461950950111726,8.935449730141888,False,0.0
2025-11-07,0.42627338,0.545161683693552,-9.015076429116569,8.982155466594374,False,0.0
2025-11-08,0.11558798,0.5490024560932629,-7.38367511698706,9.374442702582659,False,0.0
2025-11-09,0.2980179,0.5589866921155362,-8.18568988799624,9.219410367530429,False,0.0
2025-11-10,0.49333212,0.5751192466632629,-7.908715858553303,9.378103904436253,False,0.0
2025-11-11,2.1410964,0.5972363632704176,-8.204898537055952,8.816929265264871,False,0.0
2025-11-12,0.2019816,0.6250123080539602,-7.9540203132678755,9.567242077298026,False,0.0
2025-11-13,2.4370816,0.6579706653681059,-8.143929244734949,9.59529545732519,False,0.0
2025-11-14,5.110776,0.6954998754715753,-7.87175469584566,9.315587128340935,False,0.0
2025-11-15,1.4743125,0.7368724737008019,-8.310963804936966,9.296868106161716,False,0.0
2025-11-16,0.14475358,0.7812673883225181,-7.8534017944260155,9.463239870158707,False,0.0
2025-11-17,0.015248027,0.8277945732138186,-8.822904290031191,9.31727848487241,False,0.0
2025-11-18,0.76004463,0.8755211939936849,-7.531649285492014,9.697558929403305,False,0.0
2025-11-19,0.25306708,0.9234985536048002,-7.372938737510842,9.50982655235473,False,0.0
2025-11-20,0.14250444,0.9707889362573994,-7.251465914305308,8.79381486658022,False,0.0
2025-11-21,1.0040233,1.016491566908742,-7.350046779707051,10.395613396876573,False,0.0
2025-11-22,2.0973072,1.0597669261370983,-7.898775214373432,9.579310389918087,False,0.0
2025-11-23,0.77629745,1.099858725651237,-7.931534975327226,9.534175278688414,False,0.0
2025-11-24,0.31588638,1.13611293539473,-7.789996720452049,9.440422565989897,False,0.0
2025-11-25,1.786683,1.1679933562772264,-7.865130261917982,10.586679509698756,False,0.0
2025-11-26,1.1769865,1.1950933494819636,-7.810265720945599,10.108779356934383,False,0.0
2025-11-27,0.44312984,1.2171434602347262,-7.668029113464038,10.319907426177304,False,0.0
2025-11-28,1.9844524,1.2340148066919288,-7.235036169362616,10.2148741608019,False,0.0
2025-11-29,1.9005625,1.2457182389964192,-7.203224279497284,10.618591912639339,False,0.0
2025-11-30,0.06356505,1.2523994052609888,-7.022490022564567,9.79867336213053,False,0.0
2025-12-01,0.06493098,1.2543299861859456,-7.1919940687705886,10.90420546992508,False,0.0
2025-12-02,1.3514059,1.2518954743334563,-7.043121207237293,9.414602151685424,False,0.0
2025-12-03,2.5037806,1.2455799742853226,-7.287848706592695,9.956472134909813,False,0.0
2025-12-04,2.1968517,1.2359485830675676,-7.164983533613715,9.46192456592398,False,0.0
2025-12-05,0.92654586,1.223627973896394,-7.396638562743468,9.98844719547781,False,0.0
2025-12-06,1.788729,1.2092858487640092,-8.079102207344608,10.061131480970397,False,0.0
2025-12-07,0.44041008,1.1936099455957427,-7.480888219393445,9.473950833274468,False,0.0
2025-12-08,1.4242911,1.1772872833396555,-7.458975188189943,9.65194298161962,False,0.0
2025-12-09,2.2447705,1.1609843038073817,-7.4165531576423716,9.94051970493914,False,0.0
2025-12-10,1.4012535,1.1453285234930057,-6.838141730799343,10.100281471062656,False,0.0
2025-12-11,0.27201572,1.130892243740658,-8.39694572036754,9.568114752383458,False,0.0
2025-12-12,0.45934948,1.118178785887909,-7.989158351805856,10.296670632950047,False,0.0
2025-12-13,1.5082833,1.1076116223046317,-7.488612627694209,9.950698250888816,False,0.0
2025-12-14,0.19320256,1.099526667907404,-7.49029439173346,9.419752655801782,False,0.0
2025-12-15,0.89278007,1.0941678833964716,-7.656421073358393,10.096040173965193,False,0.0
2025-12-16,1.4522026,1.0916862249936363,-7.1292355199064215,9.871035748010332,False,0.0
2025-12-17,0.5196243,1.0921418597522472,-7.802150829669331,9.357227069998755,False,0.0
2025-12-18,0.003658769,1.0955094544189534,-8.119971665870507,9.739839789404188,False,0.0
2025-12-19,1.3867432,1.101686243017839,-7.6600225503586765,9.695643315178573,False,0.0
2025-12-20,1.7763488,1.1105024871662617,-7.538041251881643,10.547192171513506,False,0.0
2025-12-21,1.5216526,1.1217338665682444,-7.145942906605896,9.809369736928309,False,0.0
2025-12-22,2.471224,1.135115277619513,-6.885019900265781,9.408623795290648,False,0.0
2025-12-23,4.8069654,1.1503554774714724,-7.836327308624439,9.816502899299206,False,0.0
2025-12-24,2.4240794,1.1671519904556826,-7.049133886673319,9.155037456972131,False,0.0
2025-12-25,1.3923887,1.185205694029253,-7.048374406112727,9.596778006953414,False,0.0
2025-12-26,0.8477389,1.2042345222248205,-6.693480599126583,9.161663660395574,False,0.0
2025-12-27,1.0505131,1.2239857651193562,-6.748338381170419,9.669647351767944,False,0.0
2025-12-28,2.6921587,1.244246501636709,-8.066664402103754,10.1427298572786,False,0.0
2025-12-29,1.6970466,1.2648517779219286,-7.283049172128937,9.532135711457926,False,0.0
2025-12-30,0.056191284,1.285690231970639,-7.453416491987804,10.220505077767639,False,0.0
2025-12-31,3.902749,1.3067069640694287,-7.18112127171443,9.91518687529389,False,0.0
