ds,mean,max,p90,p95
2019-12-31,1.8090736,2.5593147,2.3599573612213134,2.397564423084259
2020-01-01,1.9926628,4.6771355,3.08706738948822,3.37067482471466
2020-01-02,1.1991138,2.436573,1.525697910785675,2.0086894452571857
2020-01-03,1.7574683,2.3183324,2.0895671367645265,2.236983180046081
2020-01-04,0.27968174,0.7044939,0.4523026198148727,0.5304579585790633
2020-01-05,0.09770677,0.2503758,0.20668712258338928,0.2126237243413925
2020-01-06,0.10942531,0.39865375,0.26977173537015914,0.3243252635002135
2020-01-07,1.2747706,2.553351,2.2652171373367307,2.5158900260925288
2020-01-08,2.3422358,3.2046773,2.7187766075134276,3.1286542654037466
2020-01-09,2.070577,3.921083,3.6847956657409666,3.879185593128204
2020-01-10,0.63650715,1.3138764,1.2077969193458558,1.2753323614597318
2020-01-11,0.68526435,1.9083805,1.371866464614868,1.582778829336166
2020-01-12,0.023664132,0.05209446,0.04833713173866271,0.051466748118400574
2020-01-13,0.211258,0.4742004,0.4019692540168761,0.4618289321660995
2020-01-14,0.34259725,1.1602081,0.6700038909912109,0.7758969187736509
2020-01-15,0.029560365,0.07120818,0.0565946102142334,0.058215856552124016
2020-01-16,0.5541034,1.0388803,0.8710890889167785,1.0133205354213712
2020-01-17,1.7971996,3.3016067,2.8223365068435666,3.0796879410743707
2020-01-18,1.2850211,2.1687407,1.7194646000862122,2.0777229428291313
2020-01-19,1.0236259,2.8697047,1.698138177394867,2.1537443935871114
2020-01-20,0.985873,1.6598456,1.5254422783851622,1.5740543007850647
2020-01-21,4.8467655,6.6356387,5.641772651672363,5.8401306629180905
2020-01-22,6.508871,11.021562,9.175493621826172,9.486026000976562
2020-01-23,3.3799713,6.136613,5.144369506835937,5.675124478340148
2020-01-24,0.6535974,1.2347269,1.1508461117744446,1.203301155567169
2020-01-25,1.8959117,2.8000398,2.4667868614196777,2.6290187597274777
2020-01-26,2.0320024,4.3916674,3.0954126596450804,3.2999920725822447
2020-01-27,1.5783849,2.5024736,2.220754384994507,2.27928763628006
2020-01-28,2.1337917,2.8461704,2.595977020263672,2.626234495639801
2020-01-29,2.1828158,4.1117697,3.6823657751083374,4.009658336639403
2020-01-30,2.2986891,3.0692735,2.973449444770813,3.0512579441070558
2020-01-31,1.0975677,1.9723319,1.9494891047477723,1.9677812695503234
2020-02-01,6.3574767,11.029054,9.281369590759276,9.791162014007568
2020-02-02,4.6691394,6.7242374,5.920801162719727,6.2038083314895625
2020-02-03,9.135954,11.970429,11.606998920440674,11.759481859207153
2020-02-04,2.4920738,3.4553704,3.168954563140869,3.4049944519996638
2020-02-05,1.5490184,2.0280216,1.9095048308372498,1.985428214073181
2020-02-06,2.9949665,3.7338128,3.407932734489441,3.605616414546966
2020-02-07,1.5957913,2.3308098,2.102430534362793,2.2265293836593627
2020-02-08,0.5300167,1.2094594,0.8875206112861633,1.1124850928783412
2020-02-09,0.9616011,1.24982,1.1751234650611877,1.206961041688919
2020-02-10,2.4258308,3.065452,2.930190420150757,3.02334349155426
2020-02-11,2.9755127,4.042084,3.6558449029922486,3.7636026978492736
2020-02-12,2.182216,2.5654538,2.513479733467102,2.543155109882355
2020-02-13,9.604789,12.558952,11.40706729888916,12.01853766441345
2020-02-14,2.0988426,2.5432453,2.3857534885406495,2.4977470517158507
2020-02-15,0.5182546,1.0276228,0.8625954389572144,0.9085111320018767
2020-02-16,2.6369128,3.4769378,3.20620539188385,3.3434075593948362
2020-02-17,1.7488369,2.1423728,2.101678419113159,2.1326493978500367
2020-02-18,1.5893775,3.075309,2.1866343736648557,2.5976064443588247
2020-02-19,2.1752367,2.8324785,2.681901741027832,2.7915287613868713
2020-02-20,9.050051,11.067134,10.725116634368897,10.857665252685546
2020-02-21,3.3089828,4.024948,3.825762391090393,3.876671254634857
2020-02-22,1.8830341,3.1613774,2.801028871536255,3.115563058853149
2020-02-23,1.6113316,2.3645678,2.1334078788757322,2.140709102153778
2020-02-24,1.9025208,2.2581122,2.190013003349304,2.2344178676605226
2020-02-25,1.7031873,2.8839025,2.5850133895874023,2.6439974188804625
2020-02-26,1.4216294,1.983127,1.91009863615036,1.95585578083992
2020-02-27,1.0027527,2.183266,1.6580604195594786,1.9850029528141016
2020-02-28,1.6317009,2.4036498,2.324202823638916,2.353621208667755
2020-02-29,2.2205594,2.9063027,2.6724607706069947,2.770683586597442
2020-03-01,3.659832,11.098433,7.948451852798462,9.001949310302733
2020-03-02,1.1544856,1.9693404,1.790526497364044,1.8249374091625215
2020-03-03,2.8113754,5.266464,4.4803143501281735,4.689313006401061
2020-03-04,5.5590653,9.0567465,8.454341316223145,8.979940843582153
2020-03-05,0.9316141,2.5245695,1.7289481878280635,2.4133243680000294
2020-03-06,1.7164763,4.3166494,3.6255998134613034,3.690581715106964
2020-03-07,2.6070704,3.8882446,3.7836920499801634,3.8425609946250914
2020-03-08,0.27562264,0.8656813,0.691339087486267,0.7499185174703596
2020-03-09,0.47382638,1.2790293,0.9965308010578156,1.0006852954626084
2020-03-10,1.4115669,3.237214,2.7671657562255856,3.1605733990669242
2020-03-11,4.7741604,6.2699847,5.698828125,5.840451025962829
2020-03-12,8.838193,15.647065,12.248624038696288,14.37318520545959
2020-03-13,4.1186523,14.003401,10.687976646423339,11.47063112258911
2020-03-14,3.561694,7.9173098,5.87428092956543,7.029112815856931
2020-03-15,22.215616,26.82662,25.500655937194825,25.940444278717038
2020-03-16,5.411384,11.654965,7.301539659500122,10.450789690017693
2020-03-17,5.5465407,11.615275,9.717225646972656,11.388992023468015
2020-03-18,9.494869,14.881418,14.498678302764892,14.678003644943237
2020-03-19,5.109305,9.406175,7.1311847209930415,7.337612676620483
2020-03-20,0.37010896,0.8829713,0.6922267377376555,0.791521370410919
2020-03-21,0.83784384,1.4843476,1.298612403869629,1.4202469944953915
2020-03-22,1.8016181,3.3440514,2.524654507637024,2.9819734215736378
2020-03-23,4.5092607,10.110373,7.755906295776366,9.722394371032712
2020-03-24,3.7276542,5.4088764,4.700913190841675,4.986673879623413
2020-03-25,5.1985908,6.971773,6.200133323669434,6.6193075418472285
2020-03-26,0.8097935,1.1510997,1.074152088165283,1.1097242593765257
2020-03-27,2.2983046,2.832759,2.6947283029556273,2.8113260030746456
2020-03-28,2.2874389,3.9016778,3.8306931018829347,3.8708281755447387
2020-03-29,13.335663,17.960875,16.410503005981447,16.790408039093016
2020-03-30,6.370847,9.060911,8.599344730377197,8.75502734184265
2020-03-31,2.1473234,3.6393113,3.0631703853607175,3.481002724170684
2020-04-01,2.833744,4.731346,3.593403363227844,3.7050417661666866
2020-04-02,3.6140203,4.952359,4.779221916198731,4.86652717590332
2020-04-03,5.357706,7.7419815,6.919827890396118,7.002176570892334
2020-04-04,2.6593277,6.916727,3.7849796533584583,4.4095708370208735
2020-04-05,1.9911939,2.4765499,2.3439130544662476,2.362472081184387
2020-04-06,1.8001332,2.3379772,2.0969687700271606,2.289076149463653
2020-04-07,1.6572005,2.3980727,2.158868098258972,2.286442196369171
2020-04-08,0.11675463,0.49528703,0.2435019612312317,0.3119488060474394
2020-04-09,0.09969219,0.18802285,0.14840029180049896,0.1564599573612213
2020-04-10,2.5386493,4.608654,3.790513348579407,3.8324004888534544
2020-04-11,1.9876462,2.9207876,2.499317765235901,2.5668630123138425
2020-04-12,2.1469338,3.677168,3.1148956775665284,3.5776697039604177
2020-04-13,0.30005544,0.8616618,0.5282134473323821,0.6979655504226682
2020-04-14,0.76160175,1.3942568,1.2529760003089905,1.2823063790798186
2020-04-15,3.1371603,5.22373,4.101001477241516,4.868845176696776
2020-04-16,25.29775,28.728622,27.694026565551756,28.13787269592285
2020-04-17,6.4623904,10.996983,9.31384105682373,10.017285966873168
2020-04-18,8.726011,13.800193,11.950386047363281,13.312204790115354
2020-04-19,3.7774389,6.1233454,5.418759346008301,5.651227450370788
2020-04-20,7.9668374,15.561365,13.0265661239624,14.560351753234862
2020-04-21,7.5217404,12.454739,10.438182735443114,11.549996185302732
2020-04-22,5.252689,7.1878805,6.780174016952515,7.047971534729004
2020-04-23,4.4389806,6.9382043,6.091681718826294,6.2344605207443236
2020-04-24,3.127515,4.5011725,3.522322988510132,4.322903418540952
2020-04-25,6.6173687,11.653322,9.50094165802002,11.269339179992672
2020-04-26,13.765045,20.34121,18.565585899353025,20.00031509399414
2020-04-27,2.5500023,4.609324,3.882121348381042,4.25771632194519
2020-04-28,0.74627703,2.258353,1.0628368258476257,1.1043201744556426
2020-04-29,0.8164074,2.1043017,1.1122360825538635,1.9162465751171092
2020-04-30,8.854476,11.18763,10.618948936462402,10.798625326156616
2020-05-01,1.7923441,3.4406047,3.0805853128433225,3.3143578410148615
2020-05-02,1.1363906,1.6265005,1.5496164560317993,1.5734244644641877
2020-05-03,1.1862937,2.1838167,2.0749199867248533,2.1666331648826596
2020-05-04,0.870231,2.3712208,1.9224543571472166,2.084260129928589
2020-05-05,2.8677676,5.554889,4.44620532989502,5.31503322124481
2020-05-06,2.154518,4.0829635,3.2671495914459223,3.6580050706863396
2020-05-07,0.35983512,1.2504534,0.956021249294281,0.9706981480121613
2020-05-08,0.11837383,0.46294332,0.39634108543395985,0.45256316661834717
2020-05-09,3.1392143,5.221896,4.639256954193115,4.714718914031982
2020-05-10,1.9900063,2.9473615,2.757581853866577,2.919227051734924
2020-05-11,2.4752634,4.393518,3.938951539993286,4.013118159770966
2020-05-12,3.3236778,5.533001,5.000744485855102,5.429348993301391
2020-05-13,4.1310945,6.221224,5.856082963943481,5.977414298057556
2020-05-14,4.8592224,6.9431767,6.501198577880859,6.708173084259033
2020-05-15,5.713419,7.2081122,6.923938035964966,7.027967047691345
2020-05-16,3.9712734,6.440155,5.905070829391479,5.963618016242981
2020-05-17,2.9519615,3.5566106,3.4977883815765383,3.5305499792099
2020-05-18,2.2193696,3.0367074,2.7875475883483887,2.931718075275421
2020-05-19,3.5166943,4.7591333,4.184602308273315,4.4247778177261345
2020-05-20,5.83005,6.970512,6.868905019760132,6.898478412628174
2020-05-21,3.81229,6.0517864,5.589010095596313,5.697656774520874
2020-05-22,4.783237,7.411219,6.587706851959228,7.064629197120666
2020-05-23,20.61484,40.319973,32.99508514404297,37.21182613372802
2020-05-24,15.602993,21.47464,19.642658042907716,20.357705783843993
2020-05-25,17.390259,34.71194,31.127202033996582,32.11295642852783
2020-05-26,1.6315466,2.8984456,2.24242262840271,2.700259768962859
2020-05-27,1.1721812,1.6882114,1.5389010787010193,1.65060139298439
2020-05-28,3.121399,3.9968557,3.8780327796936036,3.974309265613556
2020-05-29,7.623741,14.138629,11.696489143371581,12.911968183517455
2020-05-30,13.059598,32.748543,26.058241271972655,27.76356859207153
2020-05-31,2.4712434,5.466958,4.517377424240112,5.302986049652098
2020-06-01,2.2277772,3.2505393,3.187882995605469,3.245456576347351
2020-06-02,2.1793394,3.5484555,2.879632782936096,3.28221571445465
2020-06-03,1.429575,2.2678776,2.1951469659805296,2.2310131430625915
2020-06-04,2.3930085,2.8028502,2.752099132537842,2.7855873107910156
2020-06-05,3.9019835,6.3240266,5.575782012939453,5.736989212036133
2020-06-06,6.8189545,12.273335,11.046133041381836,11.346979522705078
2020-06-07,28.201883,46.01688,37.72834739685059,40.5985855102539
2020-06-08,18.080229,38.815422,36.21369323730468,38.51696510314941
2020-06-09,5.4810624,8.354312,7.552846813201904,7.692631459236145
2020-06-10,7.8374934,9.830188,9.243246364593505,9.595522546768187
2020-06-11,3.1895216,4.4883976,4.345354795455933,4.452527284622192
2020-06-12,2.9111776,10.09675,6.316116428375244,7.265559101104735
2020-06-13,5.2731338,7.373042,6.71343879699707,6.932806921005248
2020-06-14,6.501494,11.685632,9.993202877044677,10.606057739257812
2020-06-15,9.71634,14.923272,13.561599922180175,14.222447490692137
2020-06-16,3.3526068,4.3995156,4.035275888442993,4.1594089508056635
2020-06-17,6.501814,12.9384985,11.425571537017822,11.94074397087097
2020-06-18,4.7314525,12.211392,10.406432056427,10.95956048965454
2020-06-19,36.444576,43.99405,42.970863342285156,43.565036582946775
2020-06-20,3.931098,5.1725883,4.7603747844696045,4.930152869224548
2020-06-21,3.6926033,6.796481,5.86644377708435,6.460289692878722
2020-06-22,0.12879802,0.23651123,0.22308342158794403,0.22569000720977783
2020-06-23,1.6334921,5.0995574,4.230136966705322,4.492095518112182
2020-06-24,1.6503569,3.426805,3.068333864212036,3.3442543864250176
2020-06-25,1.9787112,3.1666756,2.852154803276062,3.032154333591461
2020-06-26,4.485495,5.4713426,5.12397756576538,5.360395073890686
2020-06-27,2.4619403,4.1321664,3.5768114805221556,3.702615439891815
2020-06-28,8.386326,14.16575,12.96144561767578,14.034423160552977
2020-06-29,1.2505126,2.9686303,2.082287001609802,2.509143722057342
2020-06-30,2.8398752,3.8465166,3.6403045892715453,3.694667303562164
2020-07-01,5.772388,10.368824,8.476434516906737,8.576774549484252
2020-07-02,1.606635,2.0543962,1.8679258108139039,1.9403979063034056
2020-07-03,2.409754,3.2721808,3.136648106575012,3.199666035175323
2020-07-04,0.06385539,0.24709404,0.21460875868797297,0.24537891149520874
2020-07-05,16.51365,21.739689,20.125747871398925,20.75237627029419
2020-07-06,10.399425,24.103075,20.51087341308594,20.945727443695066
2020-07-07,1.5712243,2.1659286,2.004806840419769,2.0931362867355348
2020-07-08,1.5137109,2.200477,2.0489699125289915,2.0854915738105775
2020-07-09,4.0785117,5.234043,4.757063674926758,4.788535952568054
2020-07-10,1.8268071,2.9344783,2.6111177921295163,2.7937483549118043
2020-07-11,3.417331,4.901185,4.373582077026367,4.587419438362121
2020-07-12,2.8301675,7.297007,5.6763596534729,6.761708283424375
2020-07-13,0.3171496,1.1264659,0.8264873266220092,0.9458925575017927
2020-07-14,0.48086163,0.83821416,0.7483340919017791,0.7842874199151992
2020-07-15,0.4963291,1.4212418,0.8339653253555298,1.0301296889781948
2020-07-16,2.8727322,4.1332927,3.7677980422973634,3.8870952010154722
2020-07-17,15.995042,24.363989,21.03378372192383,21.516350555419923
2020-07-18,4.6454835,6.979629,5.753506755828857,6.733615255355833
2020-07-19,3.9593334,5.8670826,5.575393104553222,5.813004350662231
2020-07-20,4.2270417,5.324611,5.125756072998047,5.146174788475037
2020-07-21,0.3514934,1.0314226,0.764805245399475,0.8585347771644591
2020-07-22,0.025058165,0.110439956,0.07068663835525513,0.10422002524137489
2020-07-23,0.8889103,1.5025436,1.4048650622367858,1.4872548162937163
2020-07-24,0.6860673,0.9401567,0.8051249742507934,0.8079550862312317
2020-07-25,2.6863346,3.335431,3.199527144432068,3.3119104266166683
2020-07-26,4.221671,5.2346106,4.706155443191528,4.820358848571777
2020-07-27,0.9733874,1.6567311,1.3000827074050902,1.3419808268547058
2020-07-28,0.7607487,1.3184384,1.1345133185386658,1.2760135769844052
2020-07-29,4.2421703,5.5041494,5.285717344284057,5.392073059082031
2020-07-30,1.0716686,1.9713819,1.7812140464782715,1.8514135003089904
2020-07-31,4.306902,5.8773212,5.32193694114685,5.491473078727722
2020-08-01,4.7401443,7.9524794,6.614307594299317,7.009827136993407
2020-08-02,1.8660973,4.2486115,2.9588732957839965,3.1885388731956477
2020-08-03,0.37171522,0.8975864,0.7655512630939483,0.792560938000679
2020-08-04,1.055871,1.7859027,1.6953378200531006,1.77018027305603
2020-08-05,1.1814985,2.2712202,1.7371087670326233,1.9340861499309536
2020-08-06,1.3373798,2.08785,1.8965986609458922,2.0181338012218473
2020-08-07,1.2958428,2.5342145,2.0058512091636658,2.1985128521919246
2020-08-08,2.2363145,3.298033,2.983508992195129,3.0686069488525387
2020-08-09,3.8056643,5.522581,5.142505788803101,5.240431642532348
2020-08-10,0.6510206,1.222983,1.148398220539093,1.1985975742340087
2020-08-11,0.833445,2.7591019,1.1962210416793821,2.495421254634854
2020-08-12,3.2884572,4.482712,4.390775108337402,4.475625324249267
2020-08-13,7.0318313,15.56797,10.824150085449217,11.382542181015015
2020-08-14,0.14061828,0.49116015,0.37600174546241755,0.43188147246837605
2020-08-15,0.76010823,1.9396281,1.1592366218566894,1.7086534678935992
2020-08-16,2.5624583,4.2310433,3.9071955204010007,4.173528623580932
2020-08-17,1.883585,3.994645,3.5238206624984736,3.8742417216300957
2020-08-18,2.198283,4.1647267,3.3716715574264526,3.5122631788253784
2020-08-19,0.03646968,0.10671358,0.08687253296375273,0.10151307284831998
2020-08-20,1.539394,3.1904478,2.6702488899230956,2.9979398488998408
2020-08-21,3.117688,5.064917,3.9996896743774415,4.081708908081055
2020-08-22,1.0093399,1.9197347,1.4381999254226683,1.6070722103118893
2020-08-23,0.92784625,1.6406462,1.4036670327186584,1.5213978052139279
2020-08-24,0.001459072,0.009924173,0.004985928535461424,0.005741417407989501
2020-08-25,0.20762904,0.76987594,0.6330125123262403,0.7174592465162277
2020-08-26,0.75120157,1.2435347,1.1208080768585205,1.1651173412799836
2020-08-27,0.03869951,0.15925914,0.13814345002174372,0.15873704105615616
2020-08-28,1.0024875,1.7699935,1.5983529090881348,1.6890944361686706
2020-08-29,2.4376643,3.3665874,3.066851806640625,3.0874369859695436
2020-08-30,1.8825669,3.003295,2.703296947479248,2.9218834400177
2020-08-31,2.4569046,3.2123096,3.0164907693862912,3.108877146244049
2020-09-01,5.4406414,7.1991906,6.900120401382447,7.060519194602966
2020-09-02,4.2201395,5.8222113,5.674181032180786,5.752053427696228
2020-09-03,3.1348276,5.2665505,4.641004323959351,5.147663617134094
2020-09-04,1.4474397,2.666753,2.3068583488464354,2.5239871025085447
2020-09-05,2.5725863,5.2060966,4.3094456672668455,4.518126010894775
2020-09-06,0.4787582,1.1613867,0.8909245908260344,1.0210348069667814
2020-09-07,0.1762842,0.55746657,0.3467735558748245,0.40436573326587666
2020-09-08,0.061305955,0.22993907,0.19209049642086024,0.2238985151052475
2020-09-09,4.03437,5.849772,5.266839504241943,5.695495319366454
2020-09-10,2.737091,3.6375074,3.5413795471191407,3.593877577781677
2020-09-11,1.7976589,4.2766037,2.512206959724426,2.7540112853050225
2020-09-12,0.25699505,0.78986585,0.656692725419998,0.7685262799263
2020-09-13,0.2500798,0.86945295,0.44321902096271504,0.8090111002326004
2020-09-14,2.8158896,4.2147217,3.656382369995117,3.7020298719406126
2020-09-15,1.886928,3.0954921,2.594648241996765,2.686927247047424
2020-09-16,2.8475564,4.5876656,3.8897122621536253,4.211430013179778
2020-09-17,0.16475292,0.29795766,0.2505619078874588,0.28549190610647196
2020-09-18,1.9746757,3.4111319,2.498655080795288,2.9548399448394767
2020-09-19,1.414112,1.996968,1.7165754437446594,1.9087878108024594
2020-09-20,0.8335207,2.263589,1.1477168202400208,1.7346430599689469
2020-09-21,1.8039292,2.9368312,2.8634867668151855,2.884633016586304
2020-09-22,0.9024797,1.2451015,1.110797357559204,1.1135740458965302
2020-09-23,0.37799978,0.72671103,0.6904333829879761,0.7135143756866454
2020-09-24,0.87851447,2.2607074,1.7171026229858395,1.9552064776420592
2020-09-25,1.0731565,2.1096044,1.4090749979019164,1.5620101451873776
2020-09-26,1.3796326,3.2319798,2.1269864559173586,3.053477621078489
2020-09-27,0.5890444,1.4477402,1.1770970702171324,1.3391223728656767
2020-09-28,1.7522427,2.8595777,2.7465187311172485,2.78393737077713
2020-09-29,0.9515478,1.9662087,1.6054227590560912,1.787920624017715
2020-09-30,0.91002756,1.9408257,1.5888978004455567,1.86775734424591
2020-10-01,0.49085236,0.8293763,0.7735855460166929,0.8267439812421798
2020-10-02,1.6655723,2.5955215,2.3022146701812742,2.4448573946952816
2020-10-03,0.8260975,2.608972,1.4795977830886842,1.6378745734691615
2020-10-04,1.1614531,1.7247908,1.5642144083976746,1.6879575371742246
2020-10-05,1.1875483,1.6472489,1.518393635749817,1.6218616068363187
2020-10-06,0.19816,0.76452124,0.4373485594987867,0.6075974553823469
2020-10-07,0.94761485,1.1965297,1.12676842212677,1.135888695716858
2020-10-08,2.1010869,3.4922934,3.211601495742798,3.3013692140579223
2020-10-09,1.0441859,1.4897203,1.34221134185791,1.3983755290508268
2020-10-10,0.18089093,0.30906498,0.27056932449340815,0.30308626592159266
2020-10-11,0.4836612,1.4706881,0.6558868288993835,0.7076397538185119
2020-10-12,0.5910096,1.4139831,1.0790355026721954,1.1723649978637694
2020-10-13,0.37314966,0.6479457,0.5674585700035095,0.5816046893596649
2020-10-14,2.272256,3.6427975,3.0261256217956545,3.1065590262413023
2020-10-15,2.0835052,2.7840583,2.6164470672607423,2.6536868453025817
2020-10-16,0.69459844,1.315661,1.178075700998306,1.295389723777771
2020-10-17,1.420082,4.2556653,2.1974401473999023,3.843882703781124
2020-10-18,0.40067235,0.7380061,0.6721831560134888,0.7075933694839477
2020-10-19,1.8865596,3.0085888,2.8875888109207155,2.947291302680969
2020-10-20,0.7438104,1.6932786,1.2752420186996458,1.5774859786033626
2020-10-21,2.4623487,3.4258766,3.050439453125,3.201571941375732
2020-10-22,2.4584148,4.0225253,3.2608206033706666,3.624548625946044
2020-10-23,1.8355776,2.7395995,2.4360402107238768,2.552403211593628
2020-10-24,0.8863554,1.1881814,1.1047968864440918,1.1363655269145965
2020-10-25,5.162205,6.803588,6.15500955581665,6.386957478523254
2020-10-26,0.6666548,1.505251,1.0601600289344786,1.224390923976898
2020-10-27,0.62448555,1.2289435,1.0129905819892882,1.1811476111412045
2020-10-28,0.65995353,1.0612755,0.8901964664459229,1.0224682152271267
2020-10-29,1.4808122,2.780325,2.3995730876922603,2.6247654914855953
2020-10-30,3.0240545,4.0918427,3.7897388219833372,3.94437997341156
2020-10-31,2.5311499,3.6506572,3.3876290559768676,3.4590335011482236
2020-11-01,1.2197672,2.6089063,1.6150202870368957,1.7022471368312833
2020-11-02,0.40734437,0.74785507,0.6883963227272033,0.7335489988327026
2020-11-03,0.52182,1.3510348,0.8302189409732819,1.1117040604352944
2020-11-04,0.72762305,1.7975874,1.4186280846595762,1.6148624837398526
2020-11-05,1.1824855,2.347015,1.5513688087463378,2.041704249382018
2020-11-06,3.2253716,4.3723965,3.956473970413208,4.032253539562225
2020-11-07,3.4204652,4.494213,4.079938697814941,4.172291302680969
2020-11-08,2.6974087,3.3757463,3.308286929130554,3.3265586733818053
2020-11-09,5.9050465,8.314239,7.779969882965087,8.007740569114684
2020-11-10,3.067126,5.0105214,4.238910341262818,4.589899325370788
2020-11-11,3.1099882,7.0634785,5.507657623291015,6.048345041275023
2020-11-12,2.3759472,3.891769,2.9756625175476072,3.2070965766906734
2020-11-13,1.3855861,2.3611925,2.0948204517364504,2.1493229627609254
2020-11-14,1.790455,2.3540957,2.073346662521362,2.089141070842743
2020-11-15,0.63554746,1.1647627,1.06241112947464,1.0975053131580352
2020-11-16,2.3987792,5.31709,3.626328206062317,4.101222050189971
2020-11-17,1.6654634,2.3049269,2.180653476715088,2.2774935126304623
2020-11-18,0.62511927,0.8675225,0.7802907168865204,0.7944660216569901
2020-11-19,0.96787816,1.4219881,1.226198971271515,1.3756350100040433
2020-11-20,1.5388832,4.318242,2.172776174545288,2.530266547203063
2020-11-21,0.58791524,0.8529529,0.7698446393013,0.8107615590095519
2020-11-22,0.34083533,0.66009164,0.5634814500808716,0.6461247801780698
2020-11-23,0.9683378,1.4686286,1.423023235797882,1.452804720401764
2020-11-24,2.4224107,3.446844,3.324232673645019,3.4284152150154115
2020-11-25,2.8942156,6.6933746,6.199319076538085,6.633330702781677
2020-11-26,1.529198,2.3173988,2.1402642726898193,2.264839792251587
2020-11-27,1.4192171,2.1598787,1.852102518081665,2.0238571286201474
2020-11-28,0.7579636,1.3014182,1.1307441532611846,1.2420013725757597
2020-11-29,1.9254855,4.8551893,2.3386163473129273,2.5516017913818354
2020-11-30,0.18218458,0.5073577,0.3613322973251343,0.44904034584760644
2020-12-01,1.9369305,3.5180674,2.5241038799285884,2.7822542667388914
2020-12-02,2.0158637,2.3673728,2.2827538728713987,2.311473071575165
2020-12-03,2.9231424,3.7800856,3.65900661945343,3.7452141880989074
2020-12-04,2.1380732,2.5957062,2.4773443698883058,2.488624560832977
2020-12-05,1.2680452,1.8749424,1.732462966442108,1.76582515835762
2020-12-06,0.44348443,1.0628171,0.9122572422027587,0.9224930435419083
2020-12-07,0.27247986,0.6092787,0.43206363916397095,0.4589593037962913
2020-12-08,0.4251975,1.1244864,0.8142944216728211,0.9054146915674207
2020-12-09,0.6051269,1.8987783,1.45377140045166,1.6507424831390378
2020-12-10,0.80578405,1.2334585,1.1146780490875243,1.166716569662094
2020-12-11,0.4865954,1.1576705,0.8148392021656035,0.9897965073585507
2020-12-12,1.0011106,2.6716666,2.3136162281036374,2.512525391578674
2020-12-13,3.2231703,4.218209,3.876160955429077,4.0005433559417725
2020-12-14,1.256759,1.8121593,1.7187474250793457,1.7260091125965118
2020-12-15,2.3506083,3.1465847,2.8696876764297485,2.90703626871109
2020-12-16,2.7170973,3.6881964,3.4694840669631954,3.650555920600891
2020-12-17,1.584562,2.0615342,1.8885796427726744,1.909750908613205
2020-12-18,1.9944671,2.7016768,2.502328324317932,2.659910750389099
2020-12-19,1.3304988,2.0875373,2.0047929525375365,2.0398558378219604
2020-12-20,0.5379101,1.194363,0.9782444357872009,1.1269977986812587
2020-12-21,1.0119747,1.9048162,1.6168885707855223,1.7367871701717377
2020-12-22,0.85182023,1.6740711,1.5355057954788207,1.6134606719017028
2020-12-23,1.6214533,2.7069442,2.383688640594482,2.42380108833313
2020-12-24,1.703309,2.8853745,2.476082468032837,2.7693399310111992
2020-12-25,3.063893,4.2820435,3.8316114902496334,3.9948481202125548
2020-12-26,1.3494415,1.9052879,1.7194814801216125,1.7607417464256285
2020-12-27,2.0422163,2.9940002,2.751880073547363,2.8249056577682494
2020-12-28,1.082842,1.6883641,1.5464447379112243,1.6029163002967834
2020-12-29,0.047158282,0.20938523,0.11532349884510039,0.12570588290691376
2020-12-30,2.611883,3.4771514,3.1545050382614135,3.1644527554512023
2020-12-31,2.8633912,4.2636127,3.842618322372436,4.055029773712158
2021-01-01,0.58820933,0.9153224,0.8623190402984618,0.8979797363281249
2021-01-02,0.3714478,0.9408854,0.8260846734046935,0.8747844368219375
2021-01-03,0.7347996,1.0032556,0.9495321333408355,0.9658582419157028
2021-01-04,2.168288,2.8297412,2.6496420860290524,2.769073987007141
2021-01-05,0.5897501,1.0460682,0.9363982915878296,1.0075799614191054
2021-01-06,0.9519756,1.2943127,1.1971747398376464,1.2231319069862365
2021-01-07,1.285452,2.8861017,2.5057104587554933,2.822735881805419
2021-01-08,0.40184474,1.1083922,0.9590983390808105,0.9857818484306335
2021-01-09,0.73730296,1.4871683,1.2423397302627563,1.3450388014316557
2021-01-10,0.78728676,1.33745,1.094017207622528,1.166103810071945
2021-01-11,1.5381979,1.8459052,1.7700292110443114,1.8105632841587067
2021-01-12,1.9059788,2.3836553,2.2903247356414793,2.3173027873039245
2021-01-13,1.2040603,1.5325055,1.324339544773102,1.3828012704849242
2021-01-14,1.9582357,3.5571263,2.9193037033081053,3.311042273044585
2021-01-15,2.1508532,3.724996,3.316440343856811,3.5849437832832334
2021-01-16,0.67153543,2.1822379,1.222535991668701,1.260876613855362
2021-01-17,3.1010144,4.5788436,4.307108402252197,4.481913375854492
2021-01-18,3.6977165,4.7639565,4.2935168743133545,4.5823969602584835
2021-01-19,2.5221992,3.4203753,2.883673334121704,3.091858279705047
2021-01-20,4.186642,5.712517,5.204805183410644,5.485047769546508
2021-01-21,1.4558268,2.1592937,1.8670864224433898,2.044262999296188
2021-01-22,0.773706,1.4963746,1.147118580341339,1.2760501563549038
2021-01-23,1.2377362,2.304758,1.9225872993469237,2.2348780393600456
2021-01-24,2.7478988,3.6784635,3.3857154130935667,3.540508329868316
2021-01-25,1.4470692,2.4271233,2.1164455533027646,2.3046924829483033
2021-01-26,3.5352046,4.2096586,4.129685497283935,4.159556865692139
2021-01-27,4.2249856,5.8534203,5.170129489898682,5.649714159965514
2021-01-28,2.2611763,2.7409046,2.6464850664138795,2.675080680847168
2021-01-29,2.3294516,3.244369,2.952739143371582,3.079196238517761
2021-01-30,2.033798,4.3590097,3.3006356716156002,4.019236803054808
2021-01-31,1.2868699,2.0264447,1.7515533089637756,1.8461532473564146
2021-02-01,1.9037175,3.9692354,3.6283159255981445,3.890816664695739
2021-02-02,1.5195297,2.2584498,1.9945324540138243,2.1656661391258236
2021-02-03,1.8530482,3.5564466,2.5126115560531614,3.0204882502555837
2021-02-04,1.4890417,2.9325628,2.723417496681213,2.8887549519538878
2021-02-05,0.6540607,1.132618,0.8321772873401642,0.913925066590309
2021-02-06,0.2731278,0.7984762,0.6641444593667982,0.7813322782516479
2021-02-07,0.21970904,0.5079098,0.36383563280105585,0.3780492916703224
2021-02-08,0.4421564,0.7523596,0.7189072549343108,0.7355393797159194
2021-02-09,1.0698211,1.715172,1.5712641835212706,1.5936836779117585
2021-02-10,2.5966542,3.6673732,3.2542456150054933,3.3456986427307127
2021-02-11,1.5825716,1.9803843,1.8673988342285155,1.9121939599514006
2021-02-12,1.4404169,2.887919,2.092737245559692,2.7318300962448103
2021-02-13,3.5542896,5.7468705,4.904078722000122,5.367718887329101
2021-02-14,2.395501,4.6654134,3.669451999664306,4.007687723636627
2021-02-15,2.7272282,3.2497156,2.9814749240875242,3.0663452625274656
2021-02-16,1.7298442,2.6140985,2.3658596515655517,2.468045628070831
2021-02-17,1.0943683,1.6801305,1.5194981098175049,1.5690782606601714
2021-02-18,0.28202558,0.81959593,0.514064973592758,0.6022792100906371
2021-02-19,0.2666839,0.39882958,0.37412121891975403,0.3862883895635605
2021-02-20,0.7387032,1.6450435,1.3555213570594786,1.5310755670070644
2021-02-21,1.443014,2.62364,2.140452241897583,2.3027065753936764
2021-02-22,0.7642432,2.8667192,2.0399626612663266,2.537834990024566
2021-02-23,0.17985158,0.8402802,0.423920527100563,0.7249615833163254
2021-02-24,1.8812637,2.463925,2.1848143100738526,2.2984846472740172
2021-02-25,3.4971685,3.9816551,3.961276316642761,3.9785114407539366
2021-02-26,11.033923,19.385847,17.57975158691406,17.849510383605956
2021-02-27,4.760491,6.3282547,6.171950054168701,6.296859383583069
2021-02-28,4.614567,7.767892,6.876483345031737,7.5913023948669425
2021-03-01,8.50396,11.956492,11.247592639923095,11.764948940277097
2021-03-02,2.8117588,4.3767614,4.000640153884888,4.249825167655945
2021-03-03,2.015939,2.531316,2.366372561454773,2.41763858795166
2021-03-04,3.5649955,4.4960117,4.232457113265991,4.342552757263183
2021-03-05,2.0531218,2.3867986,2.280522012710571,2.339402425289154
2021-03-06,2.246113,5.132325,3.8255669116973876,4.423817658424376
2021-03-07,0.1830846,0.3217131,0.28191909193992615,0.28677254915237427
2021-03-08,0.9105666,1.8726505,1.6789815902709961,1.8209446132183071
2021-03-09,2.3758929,3.3053608,2.911662292480469,3.23775326013565
2021-03-10,1.6211916,3.4945815,2.7860505580902095,3.221961092948913
2021-03-11,1.7527775,2.0693526,1.9427184462547302,1.9490721940994262
2021-03-12,1.8656029,2.4227839,2.352208113670349,2.405833256244659
2021-03-13,2.1286438,2.3206747,2.260333466529846,2.2900330901145933
2021-03-14,0.63703525,1.9954566,1.038644015789032,1.109473705291748
2021-03-15,1.952332,4.5125923,2.991387867927551,3.637286210060118
2021-03-16,1.4123796,1.9339247,1.7476230978965759,1.8876437902450558
2021-03-17,0.06795808,0.19684657,0.14859847277402877,0.16145378351211545
2021-03-18,1.7702557,2.6015446,2.4146124601364134,2.4994552731513977
2021-03-19,2.6408439,5.765952,4.003376150131225,4.827947878837584
2021-03-20,2.5509477,3.7841902,3.327411842346191,3.401736211776733
2021-03-21,3.546758,7.1490793,5.977480602264404,6.698973703384398
2021-03-22,1.7672111,1.9604787,1.9115142822265625,1.9357340455055236
2021-03-23,2.4381187,3.5105453,3.2892730236053467,3.32018620967865
2021-03-24,4.534455,6.595804,5.980234956741333,6.103033065795898
2021-03-25,2.3500426,3.4058337,3.205570363998413,3.245981013774872
2021-03-26,3.2427845,5.2315454,4.716673135757446,4.952673006057739
2021-03-27,6.743466,10.91505,9.791559886932372,10.115030860900879
2021-03-28,3.621459,5.510091,4.641774463653564,5.3796469926834085
2021-03-29,2.4928281,3.7401462,3.601608920097351,3.6553321719169616
2021-03-30,2.3582742,3.214908,2.9244199275970457,2.9821680426597594
2021-03-31,1.4545177,2.083886,1.7984310030937194,1.8677291333675383
2021-04-01,5.372873,7.8524218,6.889777421951294,7.289782857894896
2021-04-02,0.21863836,0.5763332,0.4669203698635101,0.516032725572586
2021-04-03,5.339638,8.424836,7.789028930664061,8.316115474700927
2021-04-04,4.203878,6.2486215,5.627243518829346,6.007817316055297
2021-04-05,1.8460356,3.823328,2.9378763914108275,2.997169482707977
2021-04-06,1.1416501,2.070063,1.6580109119415283,1.8916065514087672
2021-04-07,0.8506508,1.799289,1.5275680899620057,1.6626675844192502
2021-04-08,1.6815128,2.2480078,2.107963442802429,2.2021544575691223
2021-04-09,4.251959,6.0327578,5.529390573501587,5.65968132019043
2021-04-10,5.6333184,10.537397,9.077312374114989,10.269775342941283
2021-04-11,7.3660064,11.585862,10.084029388427734,10.725458431243895
2021-04-12,2.5297282,4.1547813,3.669876909255981,4.00708394050598
2021-04-13,4.226973,5.014678,4.83433723449707,4.926472544670105
2021-04-14,10.825419,14.16419,13.155164909362792,13.559787893295288
2021-04-15,9.496252,11.822108,11.406396675109864,11.639244079589844
2021-04-16,2.3230026,4.133962,3.439208507537842,4.030065417289732
2021-04-17,9.094821,11.26078,10.93437614440918,11.014785957336425
2021-04-18,8.998901,11.149923,10.487282466888427,10.839104223251342
2021-04-19,2.6591263,4.063882,3.751737785339355,3.91245002746582
2021-04-20,1.5865788,1.8315837,1.7770252585411073,1.815093582868576
2021-04-21,0.77437854,0.9948499,0.9064197659492492,0.9819414764642714
2021-04-22,2.3702686,3.236788,3.168025755882263,3.193322491645813
2021-04-23,0.9204569,1.9561945,1.5640950322151184,1.7337796866893764
2021-04-24,2.568412,4.361965,3.89975106716156,4.085004138946533
2021-04-25,1.9170252,3.0187035,2.875945973396301,2.9899070024490357
2021-04-26,1.4461056,2.9990485,2.73803768157959,2.8268476009368895
2021-04-27,2.4296725,2.8542423,2.822889471054077,2.8511319875717165
2021-04-28,3.6553128,4.6085186,4.384256649017334,4.549839949607849
2021-04-29,4.6525526,6.429945,5.852438688278198,6.02378134727478
2021-04-30,4.0964866,6.858974,6.342427158355712,6.580890393257141
2021-05-01,3.319357,5.265221,4.731599044799805,4.841417717933655
2021-05-02,2.5160534,4.389074,3.8402332544326776,4.274735713005065
2021-05-03,2.6940534,4.5862885,4.2257541656494135,4.417408466339111
2021-05-04,4.2736034,6.281474,5.773416376113891,5.894937586784363
2021-05-05,2.284257,3.3670619,3.000648307800293,3.3090517044067376
2021-05-06,3.158004,4.6884785,4.268129253387451,4.409122252464294
2021-05-07,1.9771982,2.7014925,2.3905897617340086,2.441743290424347
2021-05-08,2.6152909,3.6168575,3.4882792234420776,3.54155170917511
2021-05-09,3.340051,6.030103,5.2593133449554434,5.878592061996459
2021-05-10,3.3396616,5.4049406,4.927780294418334,5.209122967720032
2021-05-11,2.82802,5.0412507,4.141187953948974,4.74838569164276
2021-05-12,7.184213,9.508436,8.477579975128174,8.780051660537719
2021-05-13,16.790634,19.766584,19.25138301849365,19.338650608062743
2021-05-14,10.071023,14.199112,13.501626110076904,13.625803470611572
2021-05-15,2.383978,4.6555753,3.334405088424682,4.351853203773497
2021-05-16,0.3227403,0.84105754,0.7191041827201842,0.8263042718172072
2021-05-17,1.0538079,2.1377459,1.806353747844696,1.8439641177654265
2021-05-18,4.9854426,10.644467,10.230507469177246,10.631217002868652
2021-05-19,3.9329681,6.776655,6.364861583709716,6.601177167892456
2021-05-20,1.4076518,2.857285,2.380336046218872,2.736356937885284
2021-05-21,3.323223,5.0114284,4.729377317428589,4.886872196197509
2021-05-22,0.6979025,1.2999773,1.1750102043151855,1.226810848712921
2021-05-23,0.28604424,0.8137152,0.6452150642871856,0.757765769958496
2021-05-24,2.3388565,2.9085,2.7786020994186402,2.8643095970153807
2021-05-25,0.5889644,0.94269955,0.8400306105613708,0.9260948240756987
2021-05-26,2.2159421,3.6606193,3.178538560867309,3.4765304803848265
2021-05-27,4.656109,6.096736,5.664972352981567,5.741986203193664
2021-05-28,4.4452233,5.7404966,5.681062936782837,5.7136914253234865
2021-05-29,0.92332584,1.5281587,1.3795722246170044,1.4077786564826964
2021-05-30,4.011883,9.33972,7.152708101272583,8.754572653770444
2021-05-31,3.8718998,5.0974116,4.835687446594238,5.058783841133117
2021-06-01,7.08955,15.001283,11.815458965301513,13.972737598419185
2021-06-02,1.092336,1.8879995,1.6793858170509337,1.7890945076942442
2021-06-03,1.5838505,3.0248754,2.594400930404663,2.723943483829498
2021-06-04,2.7998202,3.6863275,3.5284440040588376,3.599532401561737
2021-06-05,3.6471252,5.5424843,4.810134983062744,5.031384420394897
2021-06-06,2.2567198,3.255304,2.963161063194275,3.0946721911430357
2021-06-07,1.5726103,2.3835971,2.3079768419265747,2.3696024060249328
2021-06-08,2.4093554,4.355441,3.7114951133728025,3.972126507759094
2021-06-09,2.1602285,4.3207293,3.522112822532654,3.920276165008544
2021-06-10,2.0912833,3.5739093,3.16858012676239,3.2802714943885802
2021-06-11,1.2373766,2.3967178,2.1423508167266845,2.350113821029663
2021-06-12,0.18761058,0.68158656,0.5691029131412505,0.642571809887886
2021-06-13,0.086326025,0.32129437,0.28176531195640553,0.3199629485607147
2021-06-14,2.781974,4.1340218,3.7707121133804318,3.9465384483337402
2021-06-15,2.5494936,4.1462603,3.8441944837570188,3.969080924987793
2021-06-16,2.2369854,6.1319685,5.3449130058288565,6.005665874481201
2021-06-17,3.4386356,6.587678,5.537156009674072,5.835761642456054
2021-06-18,22.44132,49.960125,33.5508430480957,40.04852733612059
2021-06-19,8.879189,14.603021,12.583940982818604,14.187314128875729
2021-06-20,4.5539665,7.3959465,6.900844621658325,7.107497191429138
2021-06-21,2.4413004,3.8608575,3.569443464279175,3.7349535703659056
2021-06-22,2.2530797,2.9510112,2.7701311111450195,2.888729119300842
2021-06-23,3.5149744,6.280359,5.418107509613037,5.721363496780395
2021-06-24,11.941585,20.108896,17.71068420410156,18.649392890930173
2021-06-25,1.4774772,3.9682305,2.995622110366821,3.3027619838714593
2021-06-26,0.21744704,0.81029165,0.7011905431747434,0.798192811012268
2021-06-27,4.427073,9.523641,7.589207553863524,8.715748596191405
2021-06-28,0.9742389,1.7968857,1.424508547782898,1.6032224774360653
2021-06-29,1.4384874,2.079317,1.850232481956482,1.9588866949081418
2021-06-30,12.5071335,15.243526,14.79069013595581,14.994964122772217
2021-07-01,4.623257,7.6606274,6.63443260192871,7.250724291801451
2021-07-02,3.8777974,4.7117395,4.659407615661621,4.708941721916199
2021-07-03,5.782112,7.9563575,7.502520275115966,7.723431658744812
2021-07-04,2.9386857,8.370584,3.8997574567794797,5.234099698066708
2021-07-05,1.133852,2.443023,1.903276455402374,2.1075271606445307
2021-07-06,1.3056757,2.239864,2.0205724477767943,2.065693366527557
2021-07-07,0.1781857,0.5340442,0.41407495737075806,0.43009594082832336
2021-07-08,2.7732284,4.6620817,4.034679174423218,4.561705565452574
2021-07-09,2.8441188,4.5844474,3.4891501903533935,3.5290758728981015
2021-07-10,3.8450677,5.602538,5.365287256240845,5.505731606483459
2021-07-11,2.1620748,4.027213,3.2120712995529175,3.3299269795417783
2021-07-12,3.4372494,4.6196227,4.219994783401489,4.24259045124054
2021-07-13,0.5015959,0.9489651,0.9047744274139403,0.947158545255661
2021-07-14,3.071624,4.399711,3.9693697690963745,4.256977725028991
2021-07-15,2.3404326,3.4420893,3.1593647480010985,3.2690688252449034
2021-07-16,4.8154483,8.074659,7.367098760604858,7.982749652862548
2021-07-17,6.886673,11.879369,10.220675468444822,11.009594869613647
2021-07-18,0.8260773,1.6502082,1.1636191368103024,1.556301581859588
2021-07-19,3.2057087,5.2436295,4.650132799148559,4.95082082748413
2021-07-20,0.92327935,1.2664348,1.160068130493164,1.1985000908374785
2021-07-21,5.0381513,7.160757,5.974844217300415,6.672146463394164
2021-07-22,2.7593336,3.5248585,3.4388870716094972,3.5006880521774293
2021-07-23,3.0050325,6.4180074,3.2632954597473143,5.333176183700556
2021-07-24,1.2425485,2.6270108,2.317523241043091,2.581678199768066
2021-07-25,4.94421,6.525691,5.9590695858001705,6.28545799255371
2021-07-26,4.348511,5.6430635,5.332671737670898,5.513947200775146
2021-07-27,3.6778946,4.3491273,4.051307249069214,4.1295404672622675
2021-07-28,1.1388674,1.7977791,1.5318967938423156,1.737059742212295
2021-07-29,0.36144873,0.7102574,0.688641083240509,0.703820651769638
2021-07-30,1.3633448,1.9249483,1.8516066431999207,1.9134573757648468
2021-07-31,3.4520042,4.882806,4.555542755126953,4.799569463729858
2021-08-01,5.1775656,7.869597,6.712573766708374,7.179625129699706
2021-08-02,5.580103,9.091602,8.325080013275146,8.743205499649047
2021-08-03,4.996201,8.655194,7.728514385223388,8.266002082824707
2021-08-04,9.680787,16.697271,15.237205505371092,16.573318862915038
2021-08-05,5.156668,11.635948,9.261186695098877,10.0687620639801
2021-08-06,1.6118137,2.1040015,1.8589568376541137,1.8689735531806946
2021-08-07,4.25111,7.7123775,5.5387170791625975,6.115958380699157
2021-08-08,3.8651764,4.9811277,4.790023279190064,4.866244840621948
2021-08-09,11.78617,19.589518,16.234551239013673,17.584511375427244
2021-08-10,11.001065,22.954157,18.95517635345459,20.855428028106687
2021-08-11,6.2335167,10.558357,8.681584453582763,9.438580989837646
2021-08-12,3.6356666,5.7788105,4.345417642593383,4.810224747657775
2021-08-13,1.1961124,1.78674,1.6711919665336608,1.7573647022247314
2021-08-14,1.0815091,2.2148511,1.8288014888763426,2.0538701295852655
2021-08-15,1.6935936,3.2506065,2.7973935604095455,3.0761281967163083
2021-08-16,2.4989016,4.5020046,3.99089982509613,4.4241434812545775
2021-08-17,3.1508713,4.055272,3.8128302812576296,3.991456580162048
2021-08-18,2.6044333,5.1013274,3.5888244628906247,4.237284922599791
2021-08-19,4.1527123,4.8761883,4.767963027954101,4.782342553138733
2021-08-20,5.833986,9.483803,8.78231086730957,8.93933424949646
2021-08-21,2.3410976,3.5915666,3.3766878604888917,3.525744605064392
2021-08-22,5.3144526,7.72866,6.510153436660766,6.622137284278869
2021-08-23,10.2507515,12.971216,12.59187650680542,12.619321870803834
2021-08-24,4.043179,6.6625295,5.435541200637817,6.111655116081236
2021-08-25,2.5524771,3.7737072,3.136875104904175,3.487857556343078
2021-08-26,3.4035428,6.8866544,5.2119619846343985,6.306157016754149
2021-08-27,1.2345252,1.7375085,1.6196652889251708,1.6818329751491545
2021-08-28,0.45862317,0.712385,0.6549283742904662,0.6800252139568329
2021-08-29,3.6754596,5.909133,5.17787880897522,5.652520012855528
2021-08-30,2.0884345,2.6073995,2.526527667045593,2.581187295913696
2021-08-31,1.6211987,2.198565,2.0645461559295653,2.0839654326438906
2021-09-01,2.4720821,3.0031753,2.9077478885650634,2.9675657868385312
2021-09-02,0.5246548,1.2523525,1.1301058053970336,1.1667521476745606
2021-09-03,1.9629971,3.2095237,2.9548574447631832,3.08058522939682
2021-09-04,2.5535746,3.4999886,3.1636606454849243,3.3211642146110534
2021-09-05,2.7699575,3.6254673,3.398784375190735,3.441333734989166
2021-09-06,0.68707687,1.5233116,1.2358862280845642,1.317263090610504
2021-09-07,0.44671395,0.81702316,0.7691789329051971,0.8116347461938858
2021-09-08,2.403265,4.253111,4.061487293243408,4.18370246887207
2021-09-09,0.78431875,1.94737,1.3875880718231202,1.4897442340850828
2021-09-10,0.1483063,0.327833,0.24490579962730408,0.25109928101301193
2021-09-11,1.0831362,2.9110985,1.6739007353782653,2.0953887820243824
2021-09-12,1.5940132,2.2988987,2.2036805629730223,2.2676860332489013
2021-09-13,1.5956922,3.040484,2.711264991760254,2.8863425135612486
2021-09-14,1.8624086,3.1004384,2.664855313301086,2.815820801258087
2021-09-15,2.244658,2.9275246,2.788782477378845,2.850241506099701
2021-09-16,1.3545717,2.1413767,1.8069841027259825,1.9805173397064204
2021-09-17,2.7803802,4.1288013,3.6508323192596435,4.004312992095946
2021-09-18,0.68080115,2.124116,0.9289234578609467,0.9644944429397583
2021-09-19,0.046410292,0.14905336,0.13338516429066657,0.14236795902252197
2021-09-20,0.060331542,0.19487739,0.13799555599689484,0.16280468553304667
2021-09-21,0.0051097325,0.03954321,0.01159235835075378,0.013263523578643797
2021-09-22,0.22036631,0.81977546,0.5403459072113036,0.6517097353935241
2021-09-23,1.6002884,2.4007394,2.138268971443176,2.3438662886619563
2021-09-24,2.8485243,3.70112,3.5252286195755005,3.6042565464973446
2021-09-25,3.232662,4.3671165,3.6842968702316283,3.739735507965088
2021-09-26,3.7845223,5.0192013,4.432468271255493,4.639954209327698
2021-09-27,3.263605,4.889395,4.542903995513916,4.718721699714661
2021-09-28,2.6185968,4.355627,3.86249828338623,4.131151938438415
2021-09-29,3.1216857,5.31236,4.523266983032227,4.793791961669921
2021-09-30,3.936741,4.7004323,4.386296606063842,4.488673973083496
2021-10-01,3.2088182,4.2552514,4.04697003364563,4.117510938644409
2021-10-02,2.83931,3.7049313,3.3490368366241454,3.3842474937438967
2021-10-03,0.97151214,1.4871769,1.3407796263694762,1.3687436640262605
2021-10-04,1.3744059,2.3041072,2.0062528371810915,2.120339930057525
2021-10-05,0.84103304,1.2569897,1.1300768971443176,1.2009421110153198
2021-10-06,3.0779078,3.6735663,3.2638957500457764,3.3220346570014954
2021-10-07,1.5835022,2.281908,2.022888159751892,2.0565276384353637
2021-10-08,0.8986811,1.4747568,1.3384536266326903,1.4282719790935514
2021-10-09,1.4903135,2.1774135,1.7583880066871642,1.882586771249771
2021-10-10,0.7690618,1.3234987,1.071533238887787,1.0860429406166077
2021-10-11,0.34827423,0.9784545,0.6213290810585022,0.8666501611471171
2021-10-12,0.20163508,0.37632808,0.35831332206726074,0.3631237894296646
2021-10-13,0.28973106,0.6038204,0.4540935158729553,0.482715268433094
2021-10-14,1.8503147,2.716999,2.5305073738098143,2.675318169593811
2021-10-15,2.7208145,7.256248,4.4314776897430415,5.860716104507443
2021-10-16,4.118816,6.178279,5.432801532745361,5.472520256042481
2021-10-17,2.2552803,5.3383183,4.353829526901245,4.810691356658935
2021-10-18,2.2356255,3.561823,3.3001068592071534,3.4128188371658323
2021-10-19,0.845006,1.2732737,1.111143410205841,1.2237661302089688
2021-10-20,0.2931317,0.5442016,0.49917474389076233,0.507775628566742
2021-10-21,1.6498605,2.769608,2.4708114862442017,2.704901218414306
2021-10-22,0.87425905,1.269529,1.1375319004058837,1.2064237356185912
2021-10-23,2.482845,3.609305,2.842246150970459,3.039364469051361
2021-10-24,1.8550463,3.4386408,2.8042125940322875,2.99043139219284
2021-10-25,1.0967958,2.057781,1.4588799357414244,1.6354077517986294
2021-10-26,2.467659,2.8286607,2.768882322311401,2.7954947113990785
2021-10-27,2.867232,3.6316993,3.570377326011658,3.610751712322235
2021-10-28,2.3854816,3.4178274,3.0450411558151247,3.0693584799766542
2021-10-29,3.1406772,4.0032268,3.7664845466613768,3.820655333995819
2021-10-30,0.06663755,0.4308626,0.15005208551883695,0.2985933795571324
2021-10-31,0.7935421,2.0320787,1.7629571676254272,1.8614079892635345
2021-11-01,0.7721653,1.1025667,1.0571375012397766,1.0870078027248382
2021-11-02,4.358956,8.360894,6.286007165908813,6.88044180870056
2021-11-03,1.1874752,1.6689925,1.4504573941230774,1.4706277668476104
2021-11-04,0.5716501,0.88263905,0.8240036249160766,0.86718190908432
2021-11-05,0.3046203,0.40254295,0.34958720207214355,0.36858282983303065
2021-11-06,0.19829269,0.3939733,0.3552667796611786,0.37571731954813
2021-11-07,0.92685646,2.846702,1.404578399658203,1.965376871824263
2021-11-08,1.704112,3.031939,2.560905623435974,2.931537890434264
2021-11-09,2.1726646,6.7403736,3.551003098487854,4.037401068210601
2021-11-10,2.543565,6.015972,4.138683104515075,4.732406282424925
2021-11-11,2.5603194,4.5420017,3.382469320297241,3.536721122264862
2021-11-12,2.5020828,3.212031,3.069492483139038,3.0946927309036254
2021-11-13,1.3787049,1.8389449,1.7920300841331482,1.8029584169387818
2021-11-14,1.4121746,2.2014635,2.1598273277282716,2.190028703212738
2021-11-15,2.815256,3.8975434,3.623099660873413,3.745569539070129
2021-11-16,2.6651793,3.427116,3.240773892402649,3.3464743852615353
2021-11-17,0.7727509,1.6224675,1.2767043709754944,1.5111288487911219
2021-11-18,2.2450864,3.790134,2.8214766502380373,3.1595418810844413
2021-11-19,1.5801558,3.1695502,2.116112184524536,2.39815045595169
2021-11-20,3.9117892,5.3053904,5.0205724239349365,5.075755643844604
2021-11-21,1.148275,2.2240522,1.970987796783447,2.1626118302345274
2021-11-22,1.3071288,1.8392745,1.6661797046661377,1.787022429704666
2021-11-23,2.6786156,4.08768,3.550624394416809,3.9472716212272636
2021-11-24,1.0232984,2.4983418,1.5853778958320617,1.6193023502826691
2021-11-25,1.2295779,2.072598,1.6952347874641416,1.8491857349872587
2021-11-26,3.6117842,4.531119,4.251309585571289,4.410106062889099
2021-11-27,1.701809,2.1158297,1.9792839646339415,2.096817898750305
2021-11-28,2.2309122,3.445875,3.007185697555542,3.374342441558837
2021-11-29,1.9810505,2.4019175,2.3421565294265747,2.3629893183708193
2021-11-30,1.0603093,1.8545665,1.6106452465057373,1.7355411648750303
2021-12-01,0.5201399,1.1059285,0.9240243911743163,1.0426836431026456
2021-12-02,0.2531189,0.55159557,0.4294916987419128,0.4618557170033455
2021-12-03,1.5885711,2.0909376,1.9587024331092835,2.0157621443271636
2021-12-04,4.6135907,5.9346023,5.894165945053101,5.923548698425293
2021-12-05,4.5840087,5.831141,5.554446411132813,5.667786383628845
2021-12-06,1.1976893,2.525227,1.9150999665260315,2.011437278985977
2021-12-07,0.71209097,1.8705112,1.0811001181602478,1.2286270439624782
2021-12-08,1.3775983,2.0323246,1.7821699380874634,1.9008670508861538
2021-12-09,3.7161932,5.0765266,4.746380567550659,5.027777433395385
2021-12-10,3.3722436,4.405077,3.945139360427856,4.118102538585663
2021-12-11,2.1266346,2.8472042,2.7293260812759397,2.7936246156692506
2021-12-12,2.9843655,3.6878695,3.329568362236023,3.491761183738708
2021-12-13,3.0098658,3.9344301,3.604364538192749,3.721204650402069
2021-12-14,3.038758,4.2132354,3.945831561088562,4.081409907341003
2021-12-15,4.055411,6.6967397,6.27251410484314,6.645700526237487
2021-12-16,3.7789924,4.6840982,4.390250825881958,4.457226276397705
2021-12-17,2.7984211,3.933794,3.379860186576843,3.7349703311920157
2021-12-18,2.4263194,3.2245593,2.938403844833374,3.0933475017547605
2021-12-19,2.9664423,4.3727612,3.9235596895217895,4.076687574386597
2021-12-20,1.8202277,2.256435,2.1319004774093626,2.215630280971527
2021-12-21,2.547486,3.324123,3.0616994142532348,3.1458881974220274
2021-12-22,1.9204899,2.6772313,2.3906320571899413,2.637515568733215
2021-12-23,1.6869923,2.2872798,2.0440147161483764,2.116682398319244
2021-12-24,0.56312066,1.5154809,1.0835412979125976,1.3298133134841914
2021-12-25,2.7525644,3.4235978,3.2185922384262082,3.2903833508491513
2021-12-26,8.087988,11.631215,10.980132675170898,11.394756555557251
2021-12-27,3.229086,3.989976,3.845463228225708,3.9264253616333007
2021-12-28,1.66953,3.3545246,2.7592028617858886,2.8436952948570253
2021-12-29,0.57576925,1.4482642,1.280077588558197,1.3818082869052886
2021-12-30,2.4482133,3.7232242,3.0419713735580443,3.1870145082473753
2021-12-31,0.72673947,1.0638156,0.9195964574813843,1.0277805805206297
2022-01-01,0.99672604,1.3283765,1.1977471947669982,1.2390443086624146
2022-01-02,3.552635,5.058761,4.503841972351074,4.773143577575683
2022-01-03,3.2478254,4.4215136,4.133769941329955,4.359969925880431
2022-01-04,1.9068785,3.1061063,2.5922544240951537,2.7845968723297116
2022-01-05,2.5893078,3.0181668,2.9162697076797484,2.961485803127289
2022-01-06,2.1914566,3.7273903,2.840554666519165,3.233218264579772
2022-01-07,2.1447527,2.9463274,2.818831038475037,2.8274816155433653
2022-01-08,0.54143476,1.0254085,0.9355701506137848,0.9700343012809753
2022-01-09,0.30931678,0.5448371,0.4733964800834656,0.5297638475894927
2022-01-10,3.412428,5.521004,4.5482543945312495,4.925727152824401
2022-01-11,2.5093687,3.0934267,3.003124475479126,3.076640737056732
2022-01-12,3.5010793,4.4605584,3.8675323009490965,4.037678360939026
2022-01-13,8.87123,11.548696,10.485651302337647,10.677265739440918
2022-01-14,5.8678207,8.266735,7.352870941162109,7.901605367660522
2022-01-15,18.311474,31.122316,28.36873683929443,29.26819543838501
2022-01-16,6.3307586,13.481077,11.061210250854492,12.322454833984372
2022-01-17,2.1739311,3.931337,2.782362222671509,2.9079505324363706
2022-01-18,0.56910545,1.7460926,0.9033833503723143,1.2161757588386528
2022-01-19,0.017570177,0.20639226,0.013280659914016724,0.081706792116165
2022-01-20,1.7325429,2.5240197,2.3603902101516723,2.451553738117218
2022-01-21,2.03158,4.305818,2.3340506315231324,2.3467479586601256
2022-01-22,2.0919209,2.6948428,2.510774827003479,2.6171836018562313
2022-01-23,1.4316913,2.3291364,2.107305812835693,2.184047520160675
2022-01-24,0.6508811,1.8762784,1.061833643913269,1.0898225426673889
2022-01-25,1.6013697,2.3856976,2.104742503166199,2.2197202444076534
2022-01-26,3.5108688,5.7004128,4.864034795761108,5.514824843406676
2022-01-27,5.7930474,15.767208,11.538178920745848,13.188115930557249
2022-01-28,11.251428,14.929602,13.647744274139404,13.882766199111938
2022-01-29,9.428321,14.2645445,12.438487720489501,13.72829928398132
2022-01-30,2.286495,2.7094324,2.627333378791809,2.68855003118515
2022-01-31,2.9989214,5.982107,4.568085527420044,5.4468771457672105
2022-02-01,1.7886901,4.344667,2.1834537744522096,2.3413317441940307
2022-02-02,1.1591918,1.4379508,1.3236652731895446,1.3585570096969604
2022-02-03,1.1093768,1.5985719,1.369869303703308,1.4286351978778837
2022-02-04,1.7277651,4.0105715,3.2710377693176267,3.452972984313965
2022-02-05,1.3286434,3.3623414,2.109131026268005,2.8737797141075117
2022-02-06,1.2379531,2.866757,2.0195559740066527,2.127510821819305
2022-02-07,0.40388656,0.70032775,0.6163954734802246,0.6273634731769562
2022-02-08,0.23630904,0.57155937,0.4861935883760452,0.4942096769809723
2022-02-09,1.7208897,4.378801,2.021940767765045,2.079047334194183
2022-02-10,0.14152946,0.46875477,0.29200913608074186,0.35134293586015686
2022-02-11,2.1391182,2.6370063,2.584124732017517,2.621194052696228
2022-02-12,2.9341955,4.106551,3.492971873283386,3.8980291008949273
2022-02-13,2.6043386,4.6048026,3.4199631929397585,3.5186209321022033
2022-02-14,3.8126843,5.1362295,4.785740804672241,4.902539443969727
2022-02-15,0.99097615,1.8910788,1.7105669021606444,1.8443537712097164
2022-02-16,2.0111248,2.8185582,2.4679078817367555,2.6307450056076047
2022-02-17,4.113954,6.9346275,5.865821743011474,6.390459442138671
2022-02-18,4.6764474,5.7204485,5.310521841049194,5.328080344200134
2022-02-19,5.7972775,8.618698,7.751709365844726,8.303216552734375
2022-02-20,3.2988207,4.786291,4.311003971099853,4.558880400657653
2022-02-21,1.2477646,1.9387082,1.697783863544464,1.80270322561264
2022-02-22,1.9302732,2.4964097,2.2214507818222047,2.29991409778595
2022-02-23,2.4986513,3.0099661,2.8681363344192503,2.9302683234214784
2022-02-24,1.786241,2.2086427,2.09396721124649,2.1718350172042844
2022-02-25,1.5167547,3.7214928,1.8772538661956788,2.1022325634956354
2022-02-26,1.5332419,3.0878477,2.6683494329452513,2.8256029605865476
2022-02-27,4.3852096,6.456676,5.950217199325562,6.304733705520629
2022-02-28,2.821895,3.827004,3.58744797706604,3.6788245677947997
2022-03-01,1.5583229,2.5806353,2.053705585002899,2.385075974464416
2022-03-02,2.5192046,2.945803,2.8816726446151733,2.935155189037323
2022-03-03,3.5220602,4.6611896,4.240382957458496,4.529464650154113
2022-03-04,10.821788,14.261334,13.67220630645752,13.878918266296386
2022-03-05,14.747551,21.138247,19.04315319061279,20.773849964141842
2022-03-06,3.3883991,8.299612,5.713394641876221,6.533221006393431
2022-03-07,0.75080997,2.2162952,1.660829782485962,1.787897682189941
2022-03-08,1.3617945,1.912553,1.7485394477844238,1.8213318824768066
2022-03-09,1.8883446,2.7755044,2.2192671060562135,2.45461995601654
2022-03-10,1.9174038,2.2743487,2.268848252296448,2.2728009700775145
2022-03-11,1.5534374,2.408245,2.0534493207931517,2.3206162691116328
2022-03-12,3.4623034,4.433563,4.2518940448760985,4.361128640174866
2022-03-13,3.2544086,4.8764825,4.522829818725586,4.707327222824096
2022-03-14,4.4174166,5.0210657,4.885019540786743,4.9834305286407465
2022-03-15,3.476455,4.177514,3.9841773033142087,4.09244818687439
2022-03-16,6.866337,8.498679,7.769982528686524,8.026418876647949
2022-03-17,3.344776,3.9031103,3.839508318901062,3.8599571704864504
2022-03-18,3.1650465,4.06044,3.8160945892333986,4.006561958789825
2022-03-19,2.625481,3.8919332,3.196003794670105,3.476769113540649
2022-03-20,2.9213965,3.8263583,3.57768874168396,3.7202767491340634
2022-03-21,11.9859,16.904055,15.545577239990234,16.63731870651245
2022-03-22,21.331533,32.40919,28.174775886535645,29.050221157073974
2022-03-23,10.409923,15.166959,14.548596858978271,14.864251136779785
2022-03-24,6.366173,9.569621,8.682563400268554,8.731623935699464
2022-03-25,2.2982237,3.6232078,2.9101133584976195,3.2159006476402276
2022-03-26,8.040639,10.301291,9.514717197418213,10.139520359039306
2022-03-27,11.06733,15.024974,14.36260919570923,14.684055995941161
2022-03-28,3.1424735,5.208764,4.3688102722167965,4.96008219718933
2022-03-29,3.5784485,4.2366996,4.150308418273926,4.2134196043014525
2022-03-30,3.8887336,5.892582,5.335558366775513,5.5193541049957275
2022-03-31,2.3013325,5.152378,4.434012866020202,4.82349133491516
2022-04-01,1.8170575,3.0438228,2.78720543384552,2.8386921882629395
2022-04-02,1.5881923,2.6399379,2.2931334018707275,2.3640213012695312
2022-04-03,7.746475,9.496014,9.098896503448486,9.157039642333984
2022-04-04,3.5297725,7.8069277,6.467959403991698,7.673173689842223
2022-04-05,2.3273675,4.7266483,3.8698556184768673,4.377231156826018
2022-04-06,2.4791265,3.1060927,3.044275164604187,3.073934543132782
2022-04-07,2.1233842,2.9557362,2.786485433578491,2.9069716572761535
2022-04-08,2.0329216,2.941236,2.5880277156829834,2.7382566809654234
2022-04-09,4.6310863,7.011615,6.474344873428344,6.768018913269043
2022-04-10,1.5812808,2.4663363,2.3286283731460573,2.43293479681015
2022-04-11,0.48667976,1.1023343,0.8593393445014953,1.0008626192808148
2022-04-12,0.4783391,0.9936661,0.8984648287296294,0.9337150156497955
2022-04-13,1.5995382,2.3035855,2.0559126019477842,2.241882276535034
2022-04-14,0.100216396,0.36910474,0.21889805793762201,0.25676637887954706
2022-04-15,0.48430872,0.861746,0.7528915405273438,0.8240658193826673
2022-04-16,3.668265,5.5925465,4.623350763320922,5.202719974517821
2022-04-17,3.6002042,4.7992983,4.3228394985198975,4.436874961853027
2022-04-18,0.69913155,1.4113218,1.1106186628341674,1.316386157274246
2022-04-19,3.068512,4.4518366,4.169469428062438,4.416113567352295
2022-04-20,8.068696,16.538265,13.780719375610351,15.904833984374996
2022-04-21,2.301894,4.6665344,4.288952350616455,4.50850179195404
2022-04-22,1.9128966,3.2899187,3.0307463884353636,3.209589040279388
2022-04-23,4.1730776,6.6833744,5.797893238067627,6.032740688323974
2022-04-24,3.182791,4.980452,4.3474475860595705,4.6753953933715815
2022-04-25,8.680391,11.02658,10.211344909667968,10.352220964431762
2022-04-26,2.529341,4.208433,3.8677549600601195,3.9797561407089233
2022-04-27,1.1049858,2.4658802,2.1221389055252073,2.292732763290405
2022-04-28,4.268718,6.3697476,5.715449476242066,5.795338129997253
2022-04-29,3.67121,5.498066,4.659770488739014,5.2317477464675886
2022-04-30,1.4507818,2.070794,1.8027466773986816,2.012907671928405
2022-05-01,3.6721153,4.9445553,4.455621242523193,4.595947813987732
2022-05-02,7.1708465,9.823852,8.997324371337891,9.60709147453308
2022-05-03,3.3504775,4.8805475,4.25817642211914,4.748198175430296
2022-05-04,3.6371238,4.61154,4.304253625869751,4.339890170097351
2022-05-05,4.894259,6.3102736,5.984708404541015,6.132970023155212
2022-05-06,4.8073297,6.754804,6.621918964385986,6.719448566436768
2022-05-07,5.2932363,8.237962,6.973518180847168,7.421558690071105
2022-05-08,2.6755245,4.304879,3.774433159828186,4.012103390693664
2022-05-09,2.2629194,4.9988055,3.993249225616455,4.756290698051451
2022-05-10,1.3374949,2.4356782,2.2327380418777465,2.274412143230438
2022-05-11,2.6313338,4.5643625,4.198674058914184,4.5128841400146475
2022-05-12,3.960635,6.626569,5.494826602935791,6.063582491874693
2022-05-13,5.557451,11.204976,9.240531730651854,10.707283401489255
2022-05-14,3.667382,4.898114,4.576810073852539,4.646604061126709
2022-05-15,3.1645358,4.573056,4.277184152603149,4.371584939956665
2022-05-16,1.7056915,2.7028651,2.082975172996521,2.1382396817207336
2022-05-17,1.4931808,2.2765174,2.0389936447143553,2.161862540245056
2022-05-18,0.17566638,0.36391467,0.2854137122631073,0.29613636434078217
2022-05-19,0.23387963,0.6326139,0.47712922096252436,0.5443230271339415
2022-05-20,5.436606,9.51622,7.866592741012573,8.527738904953
2022-05-21,2.6655605,5.0519857,4.2943628311157225,4.61553852558136
2022-05-22,7.0279617,10.749662,9.426398086547852,9.869003868103027
2022-05-23,8.446044,14.543852,13.073270511627197,14.196199989318847
2022-05-24,11.667844,18.939651,16.905256938934322,18.562373638153076
2022-05-25,14.7534,23.033087,21.022487068176268,22.247277069091794
2022-05-26,9.053493,15.947417,13.556092643737792,15.335735273361202
2022-05-27,12.4836855,17.094358,16.306440448760988,16.557165145874023
2022-05-28,91.20916,117.448586,111.68880920410156,112.7506893157959
2022-05-29,49.865833,93.36182,84.00921096801757,87.9017723083496
2022-05-30,14.132179,17.539616,16.79608097076416,17.088675022125244
2022-05-31,6.393535,8.852001,7.984837436676025,8.669680690765379
2022-06-01,3.6889741,6.4757056,5.184170198440552,5.558345055580139
2022-06-02,5.1927686,7.054632,6.382274198532104,6.655135631561278
2022-06-03,10.027848,13.606825,12.255182361602783,12.478414297103882
2022-06-04,15.21603,21.946943,20.48547325134277,21.768022823333737
2022-06-05,2.9180806,5.3489456,4.684243392944335,5.107201957702636
2022-06-06,5.59897,10.661455,8.761791229248047,9.931151008605955
2022-06-07,5.798336,11.117622,9.392190265655517,10.519645071029661
2022-06-08,2.4948215,3.2196555,3.1044374465942384,3.174866735935211
2022-06-09,8.58424,11.796778,10.58777437210083,11.344132804870604
2022-06-10,3.1161563,3.675903,3.6199336767196653,3.672435832023621
2022-06-11,10.3451605,11.666715,11.437188243865966,11.581130218505859
2022-06-12,0.59064764,0.9341531,0.744717538356781,0.8258370637893675
2022-06-13,0.864353,1.4745905,1.1601869225502013,1.2936750471591947
2022-06-14,2.504567,3.757956,3.4898561716079706,3.746764934062958
2022-06-15,3.8090737,5.8099136,5.105630254745483,5.415137362480163
2022-06-16,9.361167,25.916658,19.85769329071045,20.072025871276853
2022-06-17,1.3885068,2.4135919,2.046928262710571,2.209346044063568
2022-06-18,0.14996009,0.377257,0.3055524319410324,0.3260773494839668
2022-06-19,1.4811897,2.148352,1.9623522520065306,2.0381951332092285
2022-06-20,7.242571,11.597017,10.57932996749878,11.302198410034178
2022-06-21,1.9644194,3.3003762,2.8972983837127684,3.002148139476776
2022-06-22,67.88622,96.73755,89.58078460693359,91.05481300354003
2022-06-23,8.480149,14.392647,13.250389862060546,14.085178279876708
2022-06-24,6.892407,10.912884,9.816677093505858,10.762357425689697
2022-06-25,1.2696542,2.5031114,2.1624899268150326,2.413922762870788
2022-06-26,0.35826287,0.8290515,0.6963830113410949,0.7720460772514341
2022-06-27,3.022063,7.5613866,5.939322185516357,6.9813387155532824
2022-06-28,2.800319,4.3590174,3.9654815673828123,4.090506982803345
2022-06-29,7.8258286,12.972994,12.125071334838866,12.746889925003051
2022-06-30,3.5537415,6.766517,5.686013936996459,6.3114667415618895
2022-07-01,10.404054,16.08817,14.551919651031492,15.947007274627683
2022-07-02,11.446727,14.11665,13.921460056304932,13.98776879310608
2022-07-03,7.168262,13.899654,12.171015739440916,12.609000539779663
2022-07-04,10.663476,12.6166725,12.20644121170044,12.403862142562867
2022-07-05,5.228495,7.950539,7.207662487030029,7.43247001171112
2022-07-06,3.3027897,4.8479056,4.286467885971069,4.336884760856628
2022-07-07,9.402194,16.290997,12.873494911193847,15.12907366752624
2022-07-08,5.422792,5.992895,5.866707134246826,5.953416633605957
2022-07-09,5.5437074,9.1444,8.077449989318847,8.092221069335938
2022-07-10,1.6039168,2.3788002,1.9199569582939147,2.068456935882568
2022-07-11,1.7784462,2.2768154,2.2597667932510377,2.2733864188194275
2022-07-12,1.3057185,2.6388726,2.3642044067382812,2.453470826148987
2022-07-13,3.947677,5.812734,5.322973155975342,5.465727019309997
2022-07-14,0.8841967,2.2742488,1.4394156217575071,1.5816644132137296
2022-07-15,2.083631,3.163866,2.764621543884277,3.061969292163848
2022-07-16,7.542034,12.265684,10.309525299072265,11.513931322097775
2022-07-17,5.463983,7.3229017,6.931902980804443,7.132707929611206
2022-07-18,2.1514595,2.8234758,2.535602521896362,2.6012769103050233
2022-07-19,2.8292491,4.185758,3.7303833246231077,3.761908400058746
2022-07-20,4.149902,5.378898,5.032935667037964,5.1911825895309445
2022-07-21,10.169343,16.36476,14.218056583404541,15.347366476058957
2022-07-22,7.8163915,9.981192,9.508638763427735,9.65342583656311
2022-07-23,2.5000896,5.4213777,3.9825042009353635,4.919117951393125
2022-07-24,4.6025753,8.796032,7.860310459136962,8.611838006973265
2022-07-25,0.39734086,1.8447802,0.9750000834465026,1.0428434193134308
2022-07-26,2.9277546,4.9790487,4.295578193664551,4.624905848503112
2022-07-27,2.9823673,5.5061026,4.397913026809692,4.888146018981932
2022-07-28,2.1946535,3.3453248,3.1585752964019775,3.222811484336853
2022-07-29,2.1971366,2.9955297,2.6306185960769652,2.7714532971382138
2022-07-30,11.532052,40.575798,24.07697525024414,35.36372652053831
2022-07-31,2.5229785,3.4417672,3.1601839303970336,3.228391063213348
2022-08-01,2.0119956,3.4444318,3.1554451704025266,3.2179014921188354
2022-08-02,11.090543,14.050834,13.273670196533203,13.71985282897949
2022-08-03,21.26609,24.03232,23.645186042785646,23.706518268585206
2022-08-04,6.928738,12.908941,11.197360134124756,11.672869491577147
2022-08-05,3.6673317,7.179349,6.504405117034912,6.608250689506531
2022-08-06,1.1366992,1.8453956,1.8089606165885925,1.8201380789279937
2022-08-07,4.5961757,5.3657475,5.099031400680542,5.183151340484619
2022-08-08,0.04960969,0.19123405,0.17219111323356626,0.1889798790216446
2022-08-09,0.26583162,1.0274593,0.5083993136882782,0.8336408823728554
2022-08-10,0.24561493,0.80072427,0.5243028700351715,0.6971087813377376
2022-08-11,2.4830792,3.3218129,2.965380096435547,2.9876764893531798
2022-08-12,3.3704586,4.713517,4.370944499969482,4.424300336837769
2022-08-13,2.0905406,3.725367,3.3588566780090328,3.5493961453437803
2022-08-14,0.2142421,0.49396008,0.3481253981590271,0.3559768944978714
2022-08-15,0.8803745,2.2267008,1.9075095534324644,2.118895494937896
2022-08-16,0.23008573,0.78594536,0.5193255841732025,0.6133481860160825
2022-08-17,3.1040275,4.7870903,4.348374271392822,4.425345516204834
2022-08-18,0.61429566,2.0551348,1.065110433101654,1.112302976846695
2022-08-19,1.7449883,2.7773025,2.2386603355407715,2.3296272873878476
2022-08-20,0.9682856,1.6038926,1.4527171492576598,1.5417178452014921
2022-08-21,2.9934785,4.638443,3.904121208190918,4.065401256084442
2022-08-22,4.8984785,8.1319065,6.8024406909942625,7.488422131538389
2022-08-23,9.534698,16.22155,13.674528217315673,15.177896213531492
2022-08-24,2.0873353,3.665696,2.673616313934326,2.7357716798782348
2022-08-25,1.1381198,2.0456626,1.7562299966812134,1.957481354475021
2022-08-26,1.0483997,1.8588231,1.7254188656806946,1.81999494433403
2022-08-27,5.6792583,7.728547,7.0109189510345455,7.6344137430191035
2022-08-28,2.913906,4.74173,3.7325531005859376,3.8384611725807187
2022-08-29,1.688899,6.822481,3.602900028228759,4.429826569557189
2022-08-30,0.9011607,3.07087,2.0755783677101136,2.727650320529936
2022-08-31,2.7206142,5.0565577,4.254952955245971,4.842307901382446
2022-09-01,2.5412602,3.7467618,3.2355199098587035,3.4799717068672176
2022-09-02,2.7616434,3.5001235,3.2552703857421874,3.2771392822265626
2022-09-03,0.0051500895,0.013414025,0.012176483869552612,0.013218075037002562
2022-09-04,4.544636,8.140484,7.578610801696778,7.8552224159240716
2022-09-05,5.5745997,9.14012,7.767568016052246,8.770048666000365
2022-09-06,4.4909043,7.3652706,6.264641237258911,7.0401694536209085
2022-09-07,1.1867056,4.175072,1.8795545220375056,3.6799120187759358
2022-09-08,1.171728,2.121861,1.7626069068908692,1.886451822519302
2022-09-09,0.73975486,1.5564442,1.3861797451972961,1.4744960606098172
2022-09-10,3.5255768,4.829326,4.706570863723755,4.7674939155578615
2022-09-11,2.0120919,4.575101,2.285805034637451,2.3155881643295286
2022-09-12,0.53030115,1.1921189,1.0172136425971983,1.1140587866306304
2022-09-13,0.98322827,1.3457499,1.307202410697937,1.3242957174777985
2022-09-14,1.6217612,2.2488418,2.080142569541931,2.199205160140991
2022-09-15,1.1319501,1.9800978,1.7893784165382385,1.8776045262813568
2022-09-16,0.41258824,0.9940033,0.6164570748805999,0.8871142327785486
2022-09-17,1.466725,2.585243,2.0916250944137573,2.293454039096832
2022-09-18,2.1068065,3.0060353,2.5767624378204346,2.6259501218795775
2022-09-19,0.26388168,1.0614948,0.5347096174955367,0.7235496044158931
2022-09-20,1.4209833,2.1312013,1.9243445158004762,2.078266280889511
2022-09-21,0.54036236,0.8417815,0.7364910304546356,0.7672989785671234
2022-09-22,1.6867895,2.4194045,2.117690992355347,2.189664041996002
2022-09-23,1.3552346,3.45968,2.4464572668075557,3.2951174139976485
2022-09-24,0.3867047,1.2082092,0.5391827940940856,0.5625077962875366
2022-09-25,1.9581299,2.4937904,2.311772179603577,2.3326350092887878
2022-09-26,0.7439787,0.97627753,0.9068954885005951,0.9272080063819885
2022-09-27,0.2438379,0.5582634,0.42352377772331234,0.5026785761117933
2022-09-28,1.273284,4.258454,2.137914133071899,2.818589520454405
2022-09-29,0.31793013,0.8523047,0.6127715110778809,0.7684122771024701
2022-09-30,0.71189123,0.9967461,0.9082354605197906,0.9215993553400039
2022-10-01,1.384555,2.9539144,2.053307032585144,2.652414202690123
2022-10-02,2.4941611,3.2991655,3.085321068763733,3.1809486150741577
2022-10-03,0.46240723,1.0541983,0.8323129475116728,0.9998073220252988
2022-10-04,0.25764325,0.71817267,0.40492852628231046,0.4577037662267684
2022-10-05,0.9845075,1.5416857,1.4879695653915406,1.5272850871086119
2022-10-06,2.6980703,3.631773,3.3307062387466426,3.5010867714881897
2022-10-07,1.9075638,2.4035833,2.2878698825836183,2.306174612045288
2022-10-08,1.7157707,2.1246448,2.0652209281921388,2.0808618903160094
2022-10-09,2.5122402,4.122435,2.834604692459106,3.756079590320585
2022-10-10,3.080181,4.7674904,4.310797023773193,4.470408105850219
2022-10-11,2.8901021,6.165739,4.319654130935668,5.6996078729629485
2022-10-12,0.57260317,1.1711545,1.0687827467918396,1.1250679373741148
2022-10-13,2.8055136,4.7092066,4.0200536251068115,4.239082384109497
2022-10-14,0.849668,1.8248843,1.5472932696342465,1.7867681205272672
2022-10-15,2.2724817,4.485015,3.849366068840026,4.431927299499511
2022-10-16,3.589059,4.35315,4.059338903427124,4.108590841293335
2022-10-17,2.364366,3.8025098,3.208564209938049,3.370479309558868
2022-10-18,2.7756689,4.311695,3.8505348205566405,3.9825402617454526
2022-10-19,2.2281897,3.3983166,3.115535306930542,3.3606312870979305
2022-10-20,0.61480254,1.308822,0.9758728146553038,1.216487663984298
2022-10-21,0.38462737,0.8368418,0.6780728936195373,0.788202518224716
2022-10-22,2.1210728,2.7900858,2.6388818264007567,2.7227479219436646
2022-10-23,0.75065213,1.3083086,1.178866708278656,1.2807958006858824
2022-10-24,0.46128392,0.9630844,0.8159510910511016,0.8938242048025129
2022-10-25,0.5664008,1.0135396,0.8168327391147614,0.9513680607080456
2022-10-26,0.12562501,0.2028346,0.16328580677509308,0.17525274306535718
2022-10-27,0.8246393,1.5353144,1.4651980757713319,1.5157527208328245
2022-10-28,0.62920034,1.071389,0.9859007239341736,1.0183424055576324
2022-10-29,0.5484268,2.780585,1.2785098671913147,1.637713980674743
2022-10-30,0.24933226,0.5580201,0.4177592694759369,0.42345353662967683
2022-10-31,1.0436766,1.818975,1.625853431224823,1.674952358007431
2022-11-01,0.2698262,0.85775936,0.42176843285560606,0.45306969135999675
2022-11-02,0.12441375,0.48403293,0.2650279551744461,0.2736499533057213
2022-11-03,0.15729512,0.566443,0.3351837396621704,0.3557063639163971
2022-11-04,2.259528,4.8171034,3.8590648889541623,4.32197481393814
2022-11-05,5.3020606,9.789531,7.42514476776123,8.37028577327728
2022-11-06,2.9713707,3.7517,3.548875069618225,3.624399518966675
2022-11-07,1.5943748,2.0652204,1.8098177909851074,1.9091516256332395
2022-11-08,1.023712,1.240819,1.2188356876373292,1.2334670960903167
2022-11-09,0.7969659,1.3008783,1.1647993922233582,1.2050615847110748
2022-11-10,0.43392834,0.7269606,0.6602756798267364,0.7142789959907531
2022-11-11,2.6387434,4.1829147,3.3667198419570923,3.5697751879692072
2022-11-12,4.3064194,5.2919073,5.06232008934021,5.241283297538757
2022-11-13,2.5131705,4.852998,3.3246123313903806,3.5518972158432005
2022-11-14,2.5609915,3.8014793,3.4530112981796264,3.613448631763458
2022-11-15,1.3996954,1.8625,1.633041751384735,1.7104270696640014
2022-11-16,1.8530747,4.4572678,3.004467368125915,3.95967650413513
2022-11-17,1.477406,2.045501,1.8680848479270935,1.8965775191783905
2022-11-18,1.9349238,3.2188013,2.4652212381362912,2.663519144058227
2022-11-19,2.3171852,6.365548,5.283922719955444,5.808313417434691
2022-11-20,0.7787745,1.6481355,1.389022147655487,1.465318715572357
2022-11-21,0.49450517,1.1666745,1.0032989263534544,1.1438737988471983
2022-11-22,4.3108916,5.053425,4.666451740264892,4.722112154960632
2022-11-23,1.7460982,2.759777,2.5682193756103513,2.728617680072784
2022-11-24,1.4823008,2.0014346,1.9167095303535462,1.949691903591156
2022-11-25,1.6337976,2.9700615,2.5929085016250606,2.922410273551941
2022-11-26,1.3111213,1.9276776,1.6338481903076172,1.7448367714881894
2022-11-27,1.0350233,3.774828,1.4540117740631104,1.477272605895996
2022-11-28,1.6762981,3.9022257,2.5683155059814453,2.8214930415153496
2022-11-29,1.3784131,1.9218,1.7250950574874877,1.799334329366684
2022-11-30,13.338477,16.233807,15.807365989685058,15.882634496688842
2022-12-01,1.6717514,2.3801575,2.040135359764099,2.157087469100952
2022-12-02,1.4605156,1.9445598,1.760805034637451,1.8816496670246121
2022-12-03,2.9357307,3.969479,3.8425632476806637,3.9280415415763854
2022-12-04,4.160052,5.6087575,5.304337453842163,5.495095205307006
2022-12-05,8.842956,15.075692,13.559726142883301,14.664658975601194
2022-12-06,3.845237,8.235605,7.247946453094483,7.622842597961425
2022-12-07,0.8361972,1.3179891,1.2338103652000427,1.2525099396705628
2022-12-08,2.117235,4.321128,3.9572832107543947,4.237781429290771
2022-12-09,1.7709364,2.4796164,2.325314426422119,2.4563610434532164
2022-12-10,0.9431181,1.2011551,1.087651824951172,1.1406717658042906
2022-12-11,2.732402,4.082615,3.8981526374816893,4.064459466934204
2022-12-12,3.171365,5.449991,4.329114723205566,5.0936420202255235
2022-12-13,0.9881854,1.5641936,1.5030443906784057,1.545203447341919
2022-12-14,0.65528566,1.2163416,1.042641043663025,1.1779282033443448
2022-12-15,0.16187078,0.257615,0.22640153765678406,0.23319106549024582
2022-12-16,0.10070313,0.28561503,0.17464075237512589,0.18538633361458778
2022-12-17,1.3102877,2.4937568,1.7747935175895688,2.017565810680389
2022-12-18,0.9153684,2.582237,1.907434058189392,2.111990576982498
2022-12-19,0.2122128,0.44583306,0.4163842648267746,0.44054612517356867
2022-12-20,0.88812727,2.401655,1.9114813923835754,2.0963988721370694
2022-12-21,0.95004153,1.3501397,1.2566125988960266,1.2736748516559602
2022-12-22,1.4262524,2.4210324,1.91319922208786,2.3318955123424523
2022-12-23,4.1343594,4.8659916,4.61072268486023,4.6208168268203735
2022-12-24,2.9869835,3.9447224,3.6395421504974363,3.8718055486679073
2022-12-25,3.1262996,4.231642,3.716167378425598,3.8066629290580747
2022-12-26,1.4028296,4.8717246,3.8001664400100705,4.6881658911705
2022-12-27,2.937215,3.515254,3.3280172109603883,3.452118182182312
2022-12-28,3.2410748,4.243337,3.834718346595764,4.119114017486572
2022-12-29,2.3693497,3.3141634,2.974007773399353,3.1250846028327937
2022-12-30,2.3648856,3.9925234,3.7097347259521483,3.760947597026825
2022-12-31,2.4444847,3.6016226,3.3524097442626952,3.4441651701927185
2023-01-01,5.5380683,8.429958,7.310673379898071,8.027437376976012
2023-01-02,2.8027143,3.7027776,3.196175789833069,3.518685853481292
2023-01-03,1.4867234,2.445015,1.9195834040641784,2.0315833926200866
2023-01-04,0.32326594,0.6638983,0.5604531168937683,0.6325595319271086
2023-01-05,1.2733973,2.0084753,1.910020077228546,1.9487545192241669
2023-01-06,0.81961244,1.3370782,1.224546778202057,1.252247840166092
2023-01-07,0.8282812,2.3980503,1.5035685181617737,2.1163457393646223
2023-01-08,1.2333132,2.377987,2.004071283340454,2.2435986518859856
2023-01-09,1.4958464,2.218028,2.002042770385742,2.085399067401886
2023-01-10,1.4248799,1.9014097,1.734511137008667,1.7654167354106902
2023-01-11,1.7024689,2.761323,2.509135556221008,2.6961873054504393
2023-01-12,0.81069446,1.3002715,1.0791518092155457,1.2169716417789456
2023-01-13,1.9366833,3.504235,2.8486234426498407,3.217570281028747
2023-01-14,2.8563368,3.430303,3.3317191123962404,3.3755895853042603
2023-01-15,12.228699,22.028267,21.210828590393067,21.452745342254637
2023-01-16,1.9217404,3.0695114,2.6799198627471923,2.919339561462402
2023-01-17,9.743554,14.776788,12.844964027404785,13.206525230407713
2023-01-18,9.640879,17.539005,13.263566017150879,13.914747047424315
2023-01-19,5.6978936,9.979851,9.109843921661376,9.590668869018554
2023-01-20,2.827593,4.8565984,4.051544809341431,4.08214647769928
2023-01-21,0.073630266,0.22007823,0.1765090972185135,0.20506281405687327
2023-01-22,1.2811098,1.7027557,1.5713427662849426,1.5981674075126648
2023-01-23,2.357302,2.9531465,2.8799116611480713,2.892390477657318
2023-01-24,1.7705984,2.6025393,2.2344383716583254,2.330643856525421
2023-01-25,0.9808512,2.5625782,2.2850685834884645,2.435288858413696
2023-01-26,1.3864533,2.522544,1.9538079738616942,2.3973286747932425
2023-01-27,1.6011881,3.2211902,2.7317640542984005,2.896130275726318
2023-01-28,0.89245015,1.3465024,1.2515660047531127,1.3295651495456695
2023-01-29,0.66908956,1.0270448,0.8467374086380005,0.9532651662826536
2023-01-30,1.2595053,3.5511525,1.6044206023216248,2.997602534294125
2023-01-31,3.203022,6.9175615,6.142158555984497,6.633649396896361
2023-02-01,2.3788784,3.8528757,3.3238257646560667,3.7145787715911855
2023-02-02,1.4887905,3.4313009,2.6612513542175287,3.339329409599303
2023-02-03,0.39113125,0.7725432,0.6308540105819702,0.7183859288692472
2023-02-04,5.766195,7.7563224,7.261240482330322,7.429170608520508
2023-02-05,3.084108,4.111869,3.6985760450363157,3.906866407394409
2023-02-06,4.596319,5.9151897,5.412857532501221,5.495127606391907
2023-02-07,0.4106106,0.72918683,0.67271888256073,0.7209906101226805
2023-02-08,1.4411926,2.3618207,2.281378674507141,2.3287395954132077
2023-02-09,3.7648914,4.948955,4.59813060760498,4.69360773563385
2023-02-10,2.978571,3.9953356,3.699188995361328,3.762781286239624
2023-02-11,2.2256799,3.6311302,3.192061853408813,3.289074969291687
2023-02-12,3.58529,5.0166955,4.69131269454956,4.868681859970093
2023-02-13,1.590025,2.3539996,1.90933495759964,1.9836221396923064
2023-02-14,2.6229668,3.5060809,3.362950563430786,3.392546308040619
2023-02-15,1.9961939,2.5988326,2.506379008293152,2.5899918794631955
2023-02-16,4.3757234,7.6229944,6.31394944190979,6.890228033065795
2023-02-17,2.1888323,3.103003,2.9410905599594117,2.9730382800102233
2023-02-18,1.3577455,3.8876152,2.2625556111335747,2.6922055482864375
2023-02-19,4.8977427,10.307252,6.78240909576416,8.876360034942623
2023-02-20,1.8664058,2.7811885,2.546548104286194,2.6687644004821776
2023-02-21,0.5036048,1.0405436,0.9658608794212341,0.9757795244455337
2023-02-22,8.550603,11.893942,11.220849800109862,11.506856346130371
2023-02-23,4.785526,5.7926884,5.401555109024048,5.472102928161621
2023-02-24,3.0975854,4.0162196,3.593602013587952,3.9346150159835807
2023-02-25,4.4311404,5.389754,5.1666929721832275,5.341098976135253
2023-02-26,1.640972,2.2093458,2.1845720291137694,2.1975561380386353
2023-02-27,1.4825443,1.9758627,1.7620548844337462,1.945726209878921
2023-02-28,0.8567329,2.9750376,1.4609620809555053,1.6069005250930783
2023-03-01,1.9547228,2.2292707,2.189704990386963,2.216261053085327
2023-03-02,1.1128732,1.9420013,1.8030882596969604,1.8713595986366272
2023-03-03,0.35274243,0.7037506,0.45689640343189236,0.551986615359783
2023-03-04,0.9036961,1.1758163,1.1116724967956542,1.1477734982967376
2023-03-05,0.73050326,1.3239433,1.1228482604026795,1.2769756555557248
2023-03-06,1.725454,2.6902518,2.1209308385848997,2.530049300193786
2023-03-07,0.9880728,1.8353353,1.697906744480133,1.7924684703350064
2023-03-08,2.4439683,3.4401305,3.0789957761764524,3.2557787060737606
2023-03-09,1.5891842,2.6220193,2.2817413568496705,2.3749034881591795
2023-03-10,1.1291208,1.4145366,1.3546716809272765,1.3895315587520598
2023-03-11,1.8873392,2.265126,2.1594642162323,2.225393986701965
2023-03-12,2.3234663,3.141201,3.079208755493164,3.1152938485145567
2023-03-13,3.6700077,4.9636784,4.420556688308716,4.454809856414795
2023-03-14,1.166877,3.314218,1.4697230935096741,2.2031520247459393
2023-03-15,10.306781,15.339292,13.82874813079834,14.226871728897095
2023-03-16,12.35112,21.58475,20.159984397888184,21.185328102111814
2023-03-17,9.648143,14.091407,12.665496349334717,12.755064058303834
2023-03-18,15.646972,19.79559,18.397474670410155,18.530761909484863
2023-03-19,10.743001,17.431803,15.19621591567993,16.12161736488342
2023-03-20,9.678725,13.333619,12.2668062210083,12.778221893310546
2023-03-21,17.640213,22.583366,20.218601036071778,21.76881246566772
2023-03-22,7.0472856,10.37674,8.965306282043457,9.888133239746091
2023-03-23,2.5423975,3.3627212,3.0838370084762574,3.131862497329712
2023-03-24,2.238185,2.7307346,2.6403692960739136,2.695259368419647
2023-03-25,6.5926166,8.79146,7.750005865097045,8.445678186416623
2023-03-26,10.366268,12.917965,12.06295919418335,12.358705520629883
2023-03-27,1.9424096,2.8275623,2.705130696296692,2.812160038948059
2023-03-28,1.4616209,2.3905337,2.1730581045150754,2.258860456943512
2023-03-29,10.982612,17.179514,15.301260566711425,16.097760581970213
2023-03-30,7.739191,12.22296,11.162437820434569,11.89627342224121
2023-03-31,1.4868504,3.0636826,2.4827422142028808,2.684785985946655
2023-04-01,0.92684335,1.599762,1.3300195932388303,1.4509685933589933
2023-04-02,5.2317057,8.75598,8.373871850967406,8.653589344024658
2023-04-03,1.2578759,1.70255,1.64428049325943,1.6807504415512085
2023-04-04,4.259527,5.981177,5.316461038589478,5.522502422332764
2023-04-05,3.9092429,6.3634205,5.667571067810059,6.048195028305053
2023-04-06,2.3496413,3.9273162,3.6064900398254394,3.76870619058609
2023-04-07,2.0649645,4.7537675,2.5766600131988526,2.73542822599411
2023-04-08,15.53278,19.54816,18.366024208068847,18.526414489746095
2023-04-09,5.732802,7.4869246,7.0111494064331055,7.245968341827393
2023-04-10,3.200546,4.3228264,3.673828125,3.8758648276329035
2023-04-11,0.40923774,0.99547803,0.8420976758003235,0.9017556220293044
2023-04-12,0.9822399,1.7832834,1.5849558591842652,1.6187682747840881
2023-04-13,2.818179,3.9895213,3.7111707448959352,3.8425800561904904
2023-04-14,2.0046372,5.591585,3.7195203304290767,4.409635925292967
2023-04-15,1.444729,3.5666177,2.6301466464996333,2.887381219863891
2023-04-16,8.677991,17.001204,13.358028984069822,15.145226716995236
2023-04-17,4.2542267,6.495328,6.156129169464111,6.443212056159973
2023-04-18,3.9627056,6.5612516,5.845326709747314,6.435718679428099
2023-04-19,1.6200215,2.2324674,2.052000021934509,2.1796857714653015
2023-04-20,0.9135341,2.6243217,2.1085541009902955,2.351442182064056
2023-04-21,2.270387,2.8833113,2.726120185852051,2.798023676872253
2023-04-22,3.7060878,6.2327905,5.472944355010986,5.770441484451293
2023-04-23,3.5848382,4.1213026,3.8877028465270995,4.034236013889313
2023-04-24,3.0237858,4.915743,4.321203327178955,4.565371632575988
2023-04-25,5.6055245,8.53124,8.333032512664795,8.51592297554016
2023-04-26,3.4142122,5.166117,4.601168966293335,4.758558297157287
2023-04-27,1.7562248,2.7527585,2.431837487220764,2.6260042905807492
2023-04-28,1.2088746,1.6298175,1.3265953063964844,1.546284937858581
2023-04-29,2.0267181,2.7888181,2.521431589126587,2.584694695472717
2023-04-30,6.631712,8.247135,7.968047666549682,8.101703643798828
2023-05-01,3.9810915,7.591546,5.814277172088623,6.400065040588378
2023-05-02,1.8945144,4.3094034,2.22567400932312,2.3481857895851133
2023-05-03,4.0956907,6.660361,5.820297479629517,6.141720581054686
2023-05-04,5.385197,7.6748667,7.029162216186523,7.293075823783874
2023-05-05,2.666272,3.6882262,3.5314441919326782,3.6544542431831357
2023-05-06,1.025148,1.9593999,1.7628577589988708,1.8603299200534817
2023-05-07,1.6889153,3.1743326,2.217809557914734,2.6189779400825492
2023-05-08,1.7224131,3.500884,2.3086432456970214,2.7276256680488578
2023-05-09,2.7281134,4.46997,3.3513386726379393,3.5775807380676263
2023-05-10,1.623108,2.661138,2.286515641212463,2.5245690584182734
2023-05-11,1.5788507,3.03959,2.6418932199478147,2.9317373156547544
2023-05-12,0.2968895,0.80238664,0.5137735396623612,0.603069546818733
2023-05-13,0.834191,1.7268672,1.5179588437080382,1.6211902499198914
2023-05-14,3.1889,5.503957,3.671394634246826,5.182261121273037
2023-05-15,1.1619691,2.033791,1.6301057815551758,1.8165168344974514
2023-05-16,2.4836278,3.6676197,3.2037103176116943,3.2772470116615295
2023-05-17,2.9019356,3.4603312,3.3745759248733522,3.4479402184486387
2023-05-18,3.191478,7.0297194,4.57603690624237,6.41769387722015
2023-05-19,0.8148818,1.7979741,1.5516862034797667,1.7372257411479946
2023-05-20,2.1148574,5.454007,4.422060537338256,4.749939274787903
2023-05-21,6.065691,11.145014,10.365238380432128,11.088706064224242
2023-05-22,5.005461,9.386988,8.406447935104369,9.282514429092407
2023-05-23,5.9069867,6.8820076,6.623023796081543,6.643762755393982
2023-05-24,5.881518,9.154976,8.656793212890625,8.949193811416626
2023-05-25,2.821887,5.3428407,4.523532056808471,5.0934821367263785
2023-05-26,3.7581997,5.454614,5.265451240539551,5.347082853317261
2023-05-27,1.7948493,3.9380488,3.4622989177703856,3.765909361839294
2023-05-28,3.9141452,5.776562,5.311999940872192,5.57252492904663
2023-05-29,5.1499367,7.229153,6.736002683639526,7.11777856349945
2023-05-30,1.9080101,4.0532966,2.8338153839111326,3.8390961766242957
2023-05-31,3.0346572,3.5984645,3.3932530403137204,3.56857590675354
2023-06-01,1.4832215,2.2425556,2.1073431253433226,2.195425260066986
2023-06-02,7.4056244,14.783679,12.703715419769287,13.769970560073851
2023-06-03,1.3364195,3.1411157,2.735858130455017,2.9429977178573603
2023-06-04,2.35306,3.6955774,3.4392566680908203,3.6230199217796324
2023-06-05,4.453701,6.44398,5.638595151901245,5.9151926040649405
2023-06-06,1.3243113,3.0632355,2.488929963111877,2.8016930460929865
2023-06-07,4.2238,6.6347904,5.680816078186035,5.995631575584411
2023-06-08,8.158001,12.73987,11.956401920318603,12.36161160469055
2023-06-09,10.116977,12.421438,11.877084732055664,12.02344856262207
2023-06-10,0.43569252,1.2778611,1.022363555431366,1.1341697275638578
2023-06-11,13.793098,21.377344,18.865810966491697,19.489193534851076
2023-06-12,2.173338,2.770981,2.6512162685394287,2.7224058389663695
2023-06-13,1.5708948,2.4883263,2.197249960899353,2.3849866271018976
2023-06-14,12.068035,15.894949,14.655911254882811,15.121986150741577
2023-06-15,10.805893,15.42763,14.372143268585205,15.149245691299436
2023-06-16,2.5761845,4.819023,4.15042941570282,4.296780014038086
2023-06-17,8.584227,21.065126,17.72250919342041,19.739193248748776
2023-06-18,1.3928548,2.379708,1.6982231497764586,1.855457019805908
2023-06-19,3.9875517,7.4225287,6.407814025878906,7.05426833629608
2023-06-20,5.0204196,7.8068843,6.727503538131714,7.381580924987792
2023-06-21,3.4347687,5.5035415,4.817595481872559,5.200812911987304
2023-06-22,5.406489,7.9943023,7.289699268341064,7.731233406066894
2023-06-23,7.6760936,9.093673,8.920542144775391,9.048148965835571
2023-06-24,4.7602363,7.043751,6.204682636260986,6.611808443069457
2023-06-25,7.235433,11.112209,10.240427970886229,10.962706089019775
2023-06-26,15.62271,24.78288,22.54860782623291,24.195419025421142
2023-06-27,8.9538,19.551561,16.11461248397827,18.55674314498901
2023-06-28,9.125786,16.102404,13.212399864196778,14.58297491073608
2023-06-29,13.219917,20.913256,18.717188835144043,19.181498622894285
2023-06-30,13.734408,21.645445,19.922584342956544,20.454905796051026
2023-07-01,3.1701148,6.552973,5.76877131462097,6.331109261512756
2023-07-02,8.738694,15.103192,13.947388744354246,14.991070032119751
2023-07-03,3.0284948,5.407378,4.8517186641693115,5.143745470046997
2023-07-04,1.3090926,3.3144908,2.182739996910095,2.2665451407432555
2023-07-05,2.3638666,5.2267985,3.8686003923416137,4.059210622310638
2023-07-06,8.521646,12.609642,10.871907138824461,11.510539150238037
2023-07-07,14.397674,16.92449,16.531465339660645,16.676071453094483
2023-07-08,4.95199,7.361862,6.549986648559569,6.963393783569336
2023-07-09,4.047442,6.0177484,5.64263219833374,5.791446542739868
2023-07-10,0.65832645,1.0623266,0.8557950139045716,0.9226626664400099
2023-07-11,1.0865248,1.6744132,1.3001724362373352,1.3695161342620847
2023-07-12,0.47324994,1.0950035,0.9783424854278564,1.0723232865333556
2023-07-13,2.9071472,5.4194336,4.303539991378784,4.978704547882078
2023-07-14,0.62036324,1.200953,0.8454415857791899,0.9629640728235243
2023-07-15,2.6767128,4.038844,3.67386360168457,3.8937968254089355
2023-07-16,2.4282691,3.6844423,3.319352698326111,3.620931661128997
2023-07-17,3.233383,4.2032704,3.910018539428711,4.005678439140319
2023-07-18,2.9391568,4.2887325,3.6774802923202516,3.7644706726074215
2023-07-19,3.5854232,4.3578563,4.190359115600586,4.234392309188843
2023-07-20,2.0163956,2.6237164,2.494203758239746,2.5520821332931516
2023-07-21,1.8123451,2.7097569,2.5365866661071776,2.5828986763954163
2023-07-22,4.225246,5.2094016,5.1522962093353275,5.17866199016571
2023-07-23,0.87194747,1.325263,1.1206299662590027,1.1495244860649108
2023-07-24,2.6424506,4.481354,3.8375547647476194,4.274269378185272
2023-07-25,0.96344405,3.055249,1.9031972885131834,2.0470849514007567
2023-07-26,1.9460543,3.1527128,2.6280373334884644,2.8632742643356317
2023-07-27,4.7199774,5.821539,5.519957637786865,5.633852458000183
2023-07-28,2.509102,3.9648862,3.398328948020935,3.626129102706909
2023-07-29,1.403121,2.117046,1.9067938089370726,2.074337112903595
2023-07-30,2.171237,3.323026,2.986358094215393,3.18768161535263
2023-07-31,0.5849052,1.1246383,0.9890228927135467,1.0211549282073975
2023-08-01,0.8939474,1.6905305,1.3228347182273865,1.337713086605072
2023-08-02,4.186418,6.60034,6.051335144042969,6.514613199234008
2023-08-03,1.3074899,1.6206981,1.564902913570404,1.595677351951599
2023-08-04,0.061517984,0.37872937,0.14165267348289487,0.1481691375374794
2023-08-05,0.5797004,0.93604773,0.8353740215301514,0.8771840572357177
2023-08-06,4.5016704,5.48242,5.177917528152466,5.277719402313232
2023-08-07,3.708317,5.6715345,4.420010280609131,4.666011214256286
2023-08-08,3.5659306,4.4676266,4.1311288356781,4.352352905273437
2023-08-09,0.47181177,1.0703932,0.872484529018402,0.9856691271066663
2023-08-10,0.7651367,1.215227,1.0570660471916198,1.1232506573200225
2023-08-11,4.1810246,5.4430747,5.140752601623535,5.2537654638290405
2023-08-12,1.3537968,2.0181625,1.9631407737731934,2.0093245685100554
2023-08-13,3.7608964,5.4446983,4.9860893249511715,5.343654751777648
2023-08-14,4.693818,8.427359,7.483392190933227,8.290050601959228
2023-08-15,0.36497164,0.754144,0.6843801498413086,0.6871253252029419
2023-08-16,0.94673985,2.3331754,1.7040569424629206,1.9614289343357085
2023-08-17,3.4165332,4.522271,4.326925563812256,4.367688989639282
2023-08-18,7.3377414,10.785959,10.205226039886474,10.450469732284546
2023-08-19,10.276951,13.919555,12.996188354492187,13.393260431289672
2023-08-20,2.1505995,3.4293633,3.0216510057449337,3.376601004600525
2023-08-21,1.4629077,2.1274076,1.9679010510444641,2.0378086805343627
2023-08-22,1.3810024,2.0373719,1.6518786311149598,1.7507460892200468
2023-08-23,1.7544218,2.5486598,2.441102385520935,2.4943390846252442
2023-08-24,0.85958534,1.1251317,0.9910259783267975,1.0402679234743117
2023-08-25,0.13848116,0.2675131,0.24636089801788327,0.26024580001831055
2023-08-26,0.16734451,0.31769723,0.2426326274871826,0.2573566511273384
2023-08-27,0.5776134,0.93122196,0.8869044184684753,0.9081689596176147
2023-08-28,0.94079083,2.2858157,1.4545817494392395,1.783317828178405
2023-08-29,2.3062856,4.140136,2.4821604251861573,2.7250150322914117
2023-08-30,0.6696994,1.7828981,1.0583722233772277,1.523910778760909
2023-08-31,1.2098094,2.3659127,1.633277678489685,1.757546007633209
2023-09-01,0.09727865,0.21987475,0.1602791279554367,0.1638248771429062
2023-09-02,2.8801115,4.9187837,4.346717882156372,4.493162751197815
2023-09-03,0.37412706,0.6056793,0.5362503528594971,0.5508238494396209
2023-09-04,3.2325325,5.14555,4.232754468917847,4.7527994155883775
2023-09-05,3.2457666,5.0282845,4.596083545684814,4.851919960975646
2023-09-06,3.7438323,5.8125477,5.381537199020386,5.544899010658264
2023-09-07,4.262743,7.663599,6.36802568435669,6.842488312721251
2023-09-08,2.747926,4.345737,3.776222276687622,3.8254124760627746
2023-09-09,3.3941476,4.9858,4.404921054840088,4.706210541725158
2023-09-10,2.8291492,4.6207876,4.222865462303162,4.371574211120605
2023-09-11,1.8040233,2.8030083,2.563400650024414,2.689779245853424
2023-09-12,6.3696733,7.833008,7.712842702865601,7.759639930725098
2023-09-13,3.783825,4.993382,4.776601552963257,4.912553787231445
2023-09-14,0.57169336,1.3633237,1.1505796432495117,1.1693057894706727
2023-09-15,1.2975444,1.6572566,1.620676290988922,1.6322389662265777
2023-09-16,1.6804279,2.030771,1.8712460160255433,1.959393638372421
2023-09-17,2.4126854,3.337785,3.0273717880249023,3.070250988006592
2023-09-18,3.9106512,5.8708677,5.553923463821411,5.634004402160644
2023-09-19,5.8905396,6.8748684,6.715015172958374,6.786765146255493
2023-09-20,1.3129022,2.3846517,1.9994181752204896,2.0468684315681456
2023-09-21,1.2426462,1.867979,1.7126266360282898,1.8451978027820584
2023-09-22,1.7875577,2.3835242,2.181235694885254,2.2598742127418516
2023-09-23,3.4418106,4.4720693,4.326999235153198,4.434039735794068
2023-09-24,1.6740936,2.2212083,2.0678189992904663,2.095511209964752
2023-09-25,1.2024118,2.2159982,1.9061269521713256,1.9761712491512298
2023-09-26,0.47995165,0.9506322,0.661371648311615,0.7210455834865569
2023-09-27,0.163948,0.47945976,0.34854412078857416,0.3843773156404495
2023-09-28,0.21348178,0.39733946,0.3777027130126953,0.3865700215101242
2023-09-29,0.26025942,0.55278695,0.5340164780616761,0.5410229980945587
2023-09-30,1.7343717,2.8920097,2.2142828226089475,2.3430245041847226
2023-10-01,1.2696806,2.0207927,1.8003412008285522,1.8700316131114958
2023-10-02,0.023393271,0.07017329,0.04301518201828002,0.05826763808727261
2023-10-03,0.17412739,0.39120704,0.34238961338996887,0.3663738101720809
2023-10-04,0.5242155,0.9330548,0.774806374311447,0.7974288851022721
2023-10-05,0.5866893,0.9817004,0.8846648037433624,0.9282835334539412
2023-10-06,2.689577,3.8243608,3.4347848892211914,3.4791110515594483
2023-10-07,2.9865248,3.302261,3.2073935508728026,3.238350760936737
2023-10-08,2.1954958,5.44692,2.933383822441101,3.7423609495162946
2023-10-09,1.2358924,1.7496005,1.6313201427459716,1.7034939646720884
2023-10-10,0.56426823,0.8216131,0.7380533397197723,0.7732557743787765
2023-10-11,2.3876143,3.4437852,3.09034948348999,3.3948849797248832
2023-10-12,1.5969676,2.1609507,2.0385599613189695,2.082580530643463
2023-10-13,0.834101,1.8919132,1.1633193254470824,1.7273784101009355
2023-10-14,0.5852213,0.7842913,0.7627822458744049,0.7758799940347672
2023-10-15,1.1578407,1.7012268,1.5537686228752137,1.6058129251003264
2023-10-16,0.80619866,1.5428737,1.261046254634857,1.4126603960990902
2023-10-17,0.84178656,1.5515105,1.3425421714782713,1.445794528722763
2023-10-18,0.6651139,1.7333329,0.9653225541114806,1.3500258326530448
2023-10-19,0.710627,1.2680159,1.0435975909233093,1.108666509389877
2023-10-20,2.3813531,3.2378082,2.940079689025879,2.976792538166046
2023-10-21,2.1127298,5.551819,3.4429302215576167,4.149650800228118
2023-10-22,1.4922911,3.1816661,2.178742027282715,2.333046746253967
2023-10-23,0.121542044,0.33751562,0.30132870376110077,0.3029780089855194
2023-10-24,0.16681005,0.6726548,0.29992312192916865,0.606043264269828
2023-10-25,0.034653146,0.07582009,0.06809979677200317,0.06892755627632141
2023-10-26,0.27921194,0.718838,0.611281394958496,0.7073853164911269
2023-10-27,0.70249957,1.1999826,0.9669839680194854,1.1547111243009562
2023-10-28,0.58948904,1.0521672,0.9121287405490875,1.0216798841953274
2023-10-29,1.293112,2.7654548,2.1970393180847165,2.3542447686195374
2023-10-30,0.2912015,0.5795324,0.44477447867393494,0.5518882721662519
2023-10-31,0.19528407,0.63283056,0.5304118990898132,0.5538097023963928
2023-11-01,0.29648647,0.5460028,0.4576329588890075,0.5292032361030578
2023-11-02,0.70968693,1.5328151,1.2878424763679504,1.3093194663524628
2023-11-03,1.0596557,1.3698859,1.2685076236724853,1.2896268129348756
2023-11-04,1.4530674,3.4364948,2.5634846687316895,3.2534792184829695
2023-11-05,0.17541258,0.6008629,0.41057950258255,0.5503648579120634
2023-11-06,0.48153403,0.8553818,0.769036281108856,0.8244536817073822
2023-11-07,1.1866614,1.7572678,1.4694270372390748,1.6802709937095637
2023-11-08,1.983761,3.515128,2.9719275474548335,3.3168589115142817
2023-11-09,0.7300044,1.9120893,1.6145387887954712,1.6477653086185455
2023-11-10,0.84820265,1.5970356,1.3660434365272522,1.473264980316162
2023-11-11,0.5938986,1.1562556,0.9505486786365509,1.119113183021545
2023-11-12,0.18834603,0.30134618,0.2904728055000305,0.29338039457798004
2023-11-13,0.5335791,1.6600626,1.0878995656967163,1.5425794422626484
2023-11-14,0.71643806,1.607921,1.3848811626434325,1.5507596075534817
2023-11-15,1.2447205,1.9143127,1.705055058002472,1.8591711223125453
2023-11-16,0.46127927,0.80296195,0.5467000007629395,0.6085976123809813
2023-11-17,0.7035735,1.4424505,0.9368176877498625,1.2579269081354134
2023-11-18,0.25259236,0.41659847,0.34366026520729065,0.3854159012436866
2023-11-19,1.2274547,2.1998804,1.9218679189682006,2.029296588897705
2023-11-20,2.5061662,3.853409,3.5325199604034423,3.758477056026458
2023-11-21,1.1445338,1.600492,1.4731480836868287,1.4977420926094054
2023-11-22,0.98654836,1.2415662,1.1630974888801575,1.1646759271621705
2023-11-23,0.386555,0.98442733,0.6233908236026764,0.75966902077198
2023-11-24,0.03700548,0.07537305,0.07257625460624695,0.07475167512893677
2023-11-25,0.004965734,0.019803643,0.014736503362655638,0.01662671566009521
2023-11-26,0.06756472,0.17573625,0.1546780042350292,0.17012186348438263
2023-11-27,7.933926,10.70397,9.864601039886475,9.905744934082032
2023-11-28,3.5179052,5.804821,5.138328695297242,5.243110728263855
2023-11-29,0.10702976,0.31887963,0.18443204462528226,0.2938919141888616
2023-11-30,0.4240118,0.7972151,0.6914936006069183,0.7212337106466293
2023-12-01,0.23229454,0.87067413,0.5821261346340179,0.7012575566768645
2023-12-02,1.2794279,2.1056457,1.9086539506912232,2.05478001832962
2023-12-03,3.0686991,3.731355,3.6831787824630737,3.7002182602882385
2023-12-04,2.4411652,4.1977167,2.8800108194351197,2.9462231159210206
2023-12-05,0.5587222,0.84404945,0.7307075262069702,0.7998509377241133
2023-12-06,1.1560472,2.841711,1.6469653487205504,1.8325822889804837
2023-12-07,2.4781353,2.9498749,2.871974325180054,2.8977158784866335
2023-12-08,3.4450796,6.9483843,6.004567956924438,6.199167394638061
2023-12-09,0.434943,1.0851734,0.6520927071571349,0.7742114663124082
2023-12-10,1.2318234,1.8925078,1.4968385338783263,1.5429504454135894
2023-12-11,1.3489361,3.3127685,1.6485933542251585,2.950751817226407
2023-12-12,0.69122237,1.0599464,0.996280825138092,1.03440061211586
2023-12-13,0.38167393,0.8372843,0.742947107553482,0.7587071299552918
2023-12-14,1.5050839,3.3533156,3.10442681312561,3.3002391934394835
2023-12-15,3.7237082,5.4674864,4.76732234954834,4.916201233863831
2023-12-16,0.73538834,1.6451316,1.2309961438179016,1.4153557598590847
2023-12-17,0.4670824,2.2751288,1.543753671646118,1.6503233551979064
2023-12-18,2.7109041,3.7680552,3.289250326156616,3.6252055406570425
2023-12-19,6.838173,8.616466,8.074931049346924,8.22283935546875
2023-12-20,7.8657746,12.596042,10.762778759002686,12.144080734252926
2023-12-21,9.2157755,15.1571865,13.545924186706541,14.367707538604735
2023-12-22,1.2565061,1.6798966,1.5360228300094603,1.5821177423000334
2023-12-23,2.0199385,3.556905,3.1567660331726075,3.3911377429962153
2023-12-24,2.071172,2.5752578,2.3707435846328733,2.4918257594108577
2023-12-25,0.8521041,1.1796124,1.0678574442863464,1.0882005095481873
2023-12-26,2.0467124,2.6266975,2.491384816169739,2.555885767936706
2023-12-27,0.89161515,1.5687004,1.2725942015647886,1.3768933713436124
2023-12-28,0.41597953,0.71819127,0.5664750516414642,0.5857098758220672
2023-12-29,0.42738596,1.0977491,0.8603505790233611,0.9611178189516066
2023-12-30,0.014324051,0.048980117,0.025102496147155758,0.03727152943611142
2023-12-31,2.0044582,2.5997288,2.3589852333068846,2.425860071182251
2024-01-01,3.9593608,7.4869423,6.187554502487182,6.787452030181884
2024-01-02,5.042377,6.167153,5.992954683303833,6.134133744239807
2024-01-03,1.8050817,3.895572,3.3054958820343017,3.4584380269050596
2024-01-04,0.8187304,1.2631677,1.1286161839962003,1.224254071712494
2024-01-05,0.54215795,1.1089146,0.9511366605758665,1.0127846956253053
2024-01-06,0.51242054,0.77901334,0.6849683523178101,0.7422422945499418
2024-01-07,0.40048933,0.96634996,0.7355505228042601,0.8553952723741529
2024-01-08,1.2777781,1.7414182,1.6046497225761414,1.7195544958114621
2024-01-09,1.2567843,2.3659894,2.1381202459335324,2.250567841529846
2024-01-10,3.338747,4.3871775,4.020957088470459,4.1390985488891605
2024-01-11,2.0365846,2.6299171,2.384663987159729,2.5902837157249445
2024-01-12,1.1828408,2.0431058,1.53190758228302,1.6536911487579342
2024-01-13,3.9360273,5.356077,4.749826049804687,5.154787230491637
2024-01-14,3.3008435,5.909557,4.957672500610351,5.135949635505676
2024-01-15,0.7757867,2.5197935,0.9083956480026245,0.9901061147451399
2024-01-16,0.8661985,1.7307727,1.4874935150146482,1.5795384109020232
2024-01-17,0.9267722,3.5321326,1.8525198459625243,2.349945557117461
2024-01-18,2.8243048,4.427185,4.03889524936676,4.156244015693664
2024-01-19,3.0326264,4.088443,3.7793001890182496,3.8003455877304075
2024-01-20,0.89395994,1.9041672,1.5787054181098936,1.7171125948429107
2024-01-21,4.306298,7.3995285,6.6985126495361325,7.008783316612243
2024-01-22,2.0995507,3.5380135,2.5168402671813963,3.373152768611906
2024-01-23,0.91741663,1.395063,1.209524643421173,1.240541273355484
2024-01-24,2.5330207,5.0435886,4.1387261867523195,4.500661492347716
2024-01-25,2.5478036,4.5283465,3.9454215526580807,4.178567051887512
2024-01-26,1.3934509,1.9653292,1.7923065185546874,1.8734642565250395
2024-01-27,2.0292342,2.6887321,2.510936236381531,2.537831521034241
2024-01-28,2.483588,3.501873,3.1495935440063474,3.2481648564338683
2024-01-29,1.9758431,3.0838408,2.364258146286011,2.773813819885253
2024-01-30,0.271306,0.37483275,0.36391057074069977,0.3680391237139702
2024-01-31,0.114890434,0.4662633,0.2763690054416656,0.30581578612327576
2024-02-01,4.5980253,6.0463176,5.554064559936523,5.962191867828368
2024-02-02,1.7402707,2.3892589,2.136684012413025,2.290685939788818
2024-02-03,0.98626566,1.3474388,1.2427667021751403,1.3291464388370513
2024-02-04,1.1514275,3.010287,1.984788370132446,2.3709628462791437
2024-02-05,2.135247,3.7125683,3.4736466169357296,3.6948541402816772
2024-02-06,1.1992546,1.4845341,1.3716970086097717,1.4186025559902191
2024-02-07,1.3767033,3.7581444,2.223771905899048,3.5044759273529023
2024-02-08,1.3992052,2.0510755,1.764778745174408,1.8524633169174194
2024-02-09,3.5898006,4.535567,4.360699462890625,4.5074949026107785
2024-02-10,2.0891564,2.6872656,2.5299376249313354,2.5852515220642087
2024-02-11,7.465515,9.791274,9.02020320892334,9.618244743347166
2024-02-12,4.104153,6.066211,5.441371870040893,5.944188261032104
2024-02-13,3.2307491,4.4847655,4.0074941396713255,4.242629861831665
2024-02-14,2.4177725,4.873972,3.1900054454803466,4.576230740547177
2024-02-15,9.457366,15.432994,13.148443794250488,14.275126934051512
2024-02-16,6.53968,16.775288,9.648848915100096,12.253713750839228
2024-02-17,11.047055,23.062454,20.45256690979004,21.232874584197997
2024-02-18,6.3665485,9.258461,7.450508451461792,8.579020571708677
2024-02-19,1.7522427,2.1205938,2.025951385498047,2.0473938465118406
2024-02-20,4.303264,7.4066567,6.3137843132019045,6.826578712463378
2024-02-21,4.310027,6.42228,5.654855871200562,5.703226780891418
2024-02-22,3.9529378,5.816373,5.52322940826416,5.662447214126587
2024-02-23,4.7358828,5.1940637,5.13087797164917,5.154436373710633
2024-02-24,3.6472332,5.037658,4.884748077392578,4.941993165016174
2024-02-25,7.202644,9.353115,8.72428913116455,8.917629623413086
2024-02-26,6.7307487,16.51884,14.564243602752684,15.103177070617676
2024-02-27,20.389482,45.484276,33.775710296630855,35.06889266967773
2024-02-28,37.64307,75.79031,68.02572250366211,71.82985610961913
2024-02-29,1.1841873,2.0230331,1.8003519058227537,1.9351171791553496
2024-03-01,1.0990988,1.4327049,1.3224378705024717,1.3642731845378875
2024-03-02,0.66502386,1.2028829,1.052919793128967,1.179443198442459
2024-03-03,1.338494,2.1035538,1.8570258736610412,1.9531380593776702
2024-03-04,0.9358925,2.2688646,1.5853997468948362,1.7478836655616758
2024-03-05,4.1200814,5.938607,5.831479883193969,5.901721143722534
2024-03-06,8.430892,11.39945,10.282452583312988,10.869020223617552
2024-03-07,3.5778131,4.356469,3.9513123512268065,4.27151231765747
2024-03-08,1.5012664,2.8400822,2.444600486755371,2.6401356816291806
2024-03-09,3.0978897,3.9028256,3.7321094274520874,3.8234986662864685
2024-03-10,1.6008414,2.409354,1.9095432877540588,2.13347480893135
2024-03-11,1.4547266,3.029551,2.460403847694397,2.7124528169631956
2024-03-12,4.642925,6.9326267,6.404821300506591,6.732535648345947
2024-03-13,13.8963995,20.301872,18.349584007263182,19.284669685363767
2024-03-14,7.0502014,9.602556,8.853948879241944,9.49133744239807
2024-03-15,1.778749,4.9460316,2.5078768253326413,3.246424341201781
2024-03-16,2.7808368,3.357895,3.244990873336792,3.28245609998703
2024-03-17,11.766133,13.8126335,13.091390419006347,13.286171293258667
2024-03-18,3.6553125,4.914866,4.289148569107056,4.590241193771361
2024-03-19,2.3805845,4.595036,3.66364529132843,4.212100410461424
2024-03-20,0.25992933,0.76699996,0.3693681418895721,0.38122777342796327
2024-03-21,4.0611157,6.119552,6.006501483917236,6.100743746757507
2024-03-22,2.3300197,3.442104,3.0204585313797,3.138024020195007
2024-03-23,1.8136276,4.9487886,2.506337237358093,4.314362013339992
2024-03-24,4.8193946,7.0175824,6.228438425064087,6.759523773193358
2024-03-25,2.6334932,3.5533264,3.221903395652771,3.468331384658813
2024-03-26,2.5405169,4.0805674,3.246125507354736,3.650309741497039
2024-03-27,12.62365,16.83214,15.776561069488526,16.480621528625488
2024-03-28,3.0841815,3.615685,3.5778202772140504,3.5871874332427978
2024-03-29,7.3262935,10.650285,10.031617736816406,10.172983312606812
2024-03-30,26.081411,78.48199,61.48244171142578,65.1998357772827
2024-03-31,8.981561,11.882889,11.26712942123413,11.330389165878296
2024-04-01,3.0022194,4.620313,4.190463066101074,4.3110929965972895
2024-04-02,1.8929573,3.1052718,2.7885592937469483,2.9967678546905514
2024-04-03,4.772066,7.4170265,6.477945995330811,6.816264057159423
2024-04-04,11.32391,13.7968445,13.251156330108643,13.727701711654662
2024-04-05,0.94689274,1.8766664,1.5681732296943665,1.7517707645893092
2024-04-06,2.502076,3.063029,2.9335696935653686,3.0275239706039425
2024-04-07,1.5684983,3.1138897,2.038858914375305,2.180024898052215
2024-04-08,1.0228184,2.0517073,1.136765992641449,1.8557751297950726
2024-04-09,21.616074,24.834528,23.055511283874512,24.56625413894653
2024-04-10,4.95633,7.847093,6.97771577835083,7.317815566062927
2024-04-11,2.0686076,4.147131,3.4498046398162843,3.618408620357513
2024-04-12,1.75554,2.8124526,2.385006809234619,2.5401779651641845
2024-04-13,2.1975574,2.8570235,2.7378408908843994,2.7819456696510314
2024-04-14,3.5340645,4.657896,4.31695818901062,4.61070806980133
2024-04-15,4.6850686,6.5652065,6.187274122238159,6.3540127038955685
2024-04-16,6.8012643,7.747721,7.651257562637329,7.6906345129013065
2024-04-17,1.6382695,2.366872,2.1813220262527464,2.311735153198242
2024-04-18,2.5944607,3.285393,2.891528034210205,2.93459780216217
2024-04-19,0.5930204,1.7702609,1.190060317516327,1.5713963568210594
2024-04-20,4.2194996,6.976098,6.084170579910277,6.822801423072813
2024-04-21,5.711553,7.77733,6.963906860351562,7.15614550113678
2024-04-22,3.3177853,4.7323503,4.374104881286621,4.677027440071106
2024-04-23,2.364268,3.3751063,2.9390390872955323,3.080298840999603
2024-04-24,2.115355,2.5377996,2.4147201776504517,2.5141316652297974
2024-04-25,0.49494314,2.0017505,0.738775336742401,1.250729417800902
2024-04-26,4.150697,5.968775,5.476175928115845,5.691043615341186
2024-04-27,2.802725,3.513794,3.4047178268432616,3.452685725688934
2024-04-28,4.963693,6.8016963,6.277721643447876,6.615450572967529
2024-04-29,2.9748313,4.1633053,3.9189432621002194,4.033633852005005
2024-04-30,0.4820578,1.3073422,0.790596342086792,0.806079614162445
2024-05-01,0.36696956,0.60268044,0.48398077487945557,0.5555145442485807
2024-05-02,2.2262332,3.4517455,3.2646766901016235,3.313680374622345
2024-05-03,3.0836582,5.0125384,4.703195285797118,4.90054304599762
2024-05-04,4.6488576,6.9677033,5.4313616275787355,5.968926048278807
2024-05-05,1.2556186,2.8328335,1.9681442141532899,2.0514424085617065
2024-05-06,8.804872,29.61211,20.028951835632324,22.337472629547115
2024-05-07,12.256194,17.73738,17.27112922668457,17.661797523498535
2024-05-08,4.6765213,7.6796713,6.646725177764893,7.186425328254699
2024-05-09,4.269302,6.8192554,6.044256067276001,6.506837105751036
2024-05-10,1.6633574,2.2136912,2.0141600966453552,2.0481024861335753
2024-05-11,0.31838253,1.6879588,0.5623802542686461,0.6235577166080475
2024-05-12,0.069291644,0.18617511,0.16916990280151364,0.18006451427936554
2024-05-13,2.5214028,2.811449,2.8037732601165772,2.809767997264862
2024-05-14,2.2187326,3.2818317,3.2707184314727784,3.2755135893821716
2024-05-15,4.12519,4.797559,4.696177864074707,4.749392056465148
2024-05-16,1.4097282,2.7825234,2.2880096673965453,2.5558933258056635
2024-05-17,16.15187,23.251928,21.550875091552733,22.69077749252319
2024-05-18,3.9218147,8.663654,7.1272970676422105,8.020620131492615
2024-05-19,4.573255,8.808699,6.5800941467285154,8.274886822700497
2024-05-20,3.5765219,5.7038293,5.052408599853515,5.348939609527587
2024-05-21,3.5457819,7.6308384,6.346716547012328,6.916148900985718
2024-05-22,3.872963,4.8961725,4.499298334121704,4.522222733497619
2024-05-23,5.3232846,8.073847,7.085036897659301,7.508788084983825
2024-05-24,1.2158244,2.0930543,1.794914150238037,1.9828481674194331
2024-05-25,0.77303284,1.5792922,1.0941460728645325,1.5005127608776083
2024-05-26,1.7812563,3.1026082,2.229638600349426,2.598144996166228
2024-05-27,2.7818558,4.946988,4.4755742073059075,4.870208287239074
2024-05-28,8.260126,12.757547,11.352458190917968,12.4582706451416
2024-05-29,2.6926365,3.495106,3.3034908056259153,3.3800636410713194
2024-05-30,7.668898,17.207224,11.648123168945313,13.452308273315426
2024-05-31,1.1839391,1.8262751,1.7517455339431762,1.7969766974449157
2024-06-01,3.6148252,5.2167788,4.976969194412231,5.1723518610000605
2024-06-02,6.1132665,8.32361,7.766218519210815,7.963682913780212
2024-06-03,9.016071,11.763472,10.805328178405762,11.115257024765015
2024-06-04,5.376985,7.0132866,6.795730257034302,6.92343544960022
2024-06-05,4.9203033,7.8262386,7.360382795333862,7.526802682876587
2024-06-06,4.0414257,6.3189077,5.760335159301758,6.200209689140319
2024-06-07,4.424108,6.882316,6.393093585968018,6.692157745361327
2024-06-08,4.334367,6.9460573,5.855189037322998,6.496423482894896
2024-06-09,3.539551,7.134162,6.278135395050048,6.9610512971878045
2024-06-10,1.0719641,1.6816244,1.3636752128601075,1.4943479061126705
2024-06-11,3.047142,4.5347133,4.032850575447082,4.364101219177246
2024-06-12,2.2946825,3.402527,3.3517247438430786,3.3711108803749084
2024-06-13,4.8800764,7.9057736,7.084183835983276,7.2118000268936155
2024-06-14,10.050902,15.503116,14.630850601196288,15.06085329055786
2024-06-15,12.950341,21.182423,19.462686347961426,19.736820220947266
2024-06-16,3.3116996,4.4574184,4.307809686660766,4.393445777893066
2024-06-17,1.7264303,3.829823,2.9682474851608274,3.091037118434906
2024-06-18,2.9125168,4.005024,3.729080748558044,3.9006857395172116
2024-06-19,6.2645774,10.101721,9.833179378509522,9.909435081481934
2024-06-20,4.3502064,5.1232977,4.8841475486755375,4.969913864135742
2024-06-21,10.5105715,14.564339,13.890075492858886,14.404273509979246
2024-06-22,7.447125,9.44713,9.055528831481933,9.214366054534912
2024-06-23,6.3823066,9.07135,8.29179334640503,8.64500913619995
2024-06-24,2.7894964,3.6631649,3.3070321798324587,3.4200804352760312
2024-06-25,4.751174,6.6509366,5.935051774978637,6.436342692375182
2024-06-26,1.008365,1.5085951,1.360435390472412,1.4759968161582944
2024-06-27,0.59023255,1.1400356,0.9477760434150695,0.9836384981870651
2024-06-28,0.13256769,1.1188537,0.16719961613416667,0.6231401294469823
2024-06-29,0.06833005,0.2555959,0.2235274761915206,0.2553453668951988
2024-06-30,1.9411806,5.078988,2.391476345062256,2.5502786278724665
2024-07-01,0.93472296,1.8671854,1.2973986387252807,1.5288117766380305
2024-07-02,6.2727265,9.57001,8.557233667373657,9.467493486404418
2024-07-03,4.298071,5.6933455,5.235319805145264,5.572919178009032
2024-07-04,2.57482,5.217686,4.550292587280273,4.860996580123901
2024-07-05,10.645531,16.077007,14.541681575775145,15.744457530975339
2024-07-06,40.5006,62.412827,56.25854415893554,60.40883693695068
2024-07-07,5.232242,7.394448,6.905917692184448,7.085301303863525
2024-07-08,2.4323928,4.760997,3.1146308898925783,3.150452756881714
2024-07-09,6.040272,8.314256,7.604265117645263,8.000831651687621
2024-07-10,3.6599696,4.73547,4.427834939956665,4.629546523094177
2024-07-11,8.139094,15.296231,11.712054347991941,12.433945035934448
2024-07-12,6.9204288,10.628994,8.342883014678955,8.73657932281494
2024-07-13,2.2755654,3.6179647,3.1428647279739375,3.3935023188591003
2024-07-14,2.2032747,2.9690578,2.596678137779236,2.7250589966773986
2024-07-15,0.5769837,1.9336858,1.0894299268722534,1.4632362246513357
2024-07-16,2.5548062,4.5764337,4.079034233093261,4.3249123811721795
2024-07-17,2.0480082,3.6589503,3.4750629663467407,3.480021333694458
2024-07-18,1.7044349,2.3478298,2.2002331018447876,2.2609201669692993
2024-07-19,0.4889584,1.0077424,0.8077810704708099,0.8768960833549497
2024-07-20,5.9332905,8.062596,7.325421333312988,7.954491591453551
2024-07-21,3.1805203,4.4085565,3.7017995834350588,3.9031759262084957
2024-07-22,0.87700367,2.0003273,1.2320138931274414,1.511131608486175
2024-07-23,0.064079024,0.3417786,0.1484058797359466,0.31565920114517176
2024-07-24,2.1062558,3.4667282,3.101573920249939,3.389924240112304
2024-07-25,2.6167274,3.3535218,3.223090386390686,3.3237262845039366
2024-07-26,0.29874408,0.99722666,0.5765628069639205,0.7321834564208981
2024-07-27,0.46941265,1.3688579,0.7796317517757415,1.222634044289588
2024-07-28,1.2666166,2.3447776,2.0163771152496333,2.1802961111068724
2024-07-29,3.2892342,3.8759866,3.6870001792907714,3.85229160785675
2024-07-30,1.0860648,1.7636969,1.6128942012786864,1.6792960464954374
2024-07-31,1.4680815,2.8656304,2.7270399808883665,2.7890939354896545
2024-08-01,1.5223126,2.6540387,2.4380135536193848,2.4800357937812807
2024-08-02,1.6644121,2.729039,2.5982876300811766,2.674758017063141
2024-08-03,5.8005214,11.269756,9.576430416107177,10.765809965133665
2024-08-04,4.631047,6.925001,6.022356986999512,6.179047703742981
2024-08-05,2.267215,4.0807877,3.9306312084197996,3.9854135870933534
2024-08-06,0.7582981,2.972327,1.825981569290161,2.072159624099731
2024-08-07,1.304338,2.0543635,1.5296205878257751,1.6570590436458585
2024-08-08,2.074374,2.877932,2.6941620111465454,2.825118792057037
2024-08-09,0.65725297,0.8886866,0.8379835426807403,0.8629796981811524
2024-08-10,0.00019061069,0.0014677644,0.0007703900337219237,0.0008575618267059325
2024-08-11,0.32678178,0.5755291,0.46803206205368036,0.5118295550346373
2024-08-12,0.44538912,0.664366,0.6190553307533264,0.6315047174692153
2024-08-13,0.18557255,0.38931146,0.3413870930671691,0.38203876465559006
2024-08-14,1.1720014,2.0947232,1.8645323395729063,2.0077678203582763
2024-08-15,1.0444587,1.6969293,1.5048049569129942,1.6369540750980376
2024-08-16,0.5549099,0.75208545,0.6673425436019897,0.7165480405092238
2024-08-17,0.48795214,0.8957609,0.8647836923599242,0.8837766945362091
2024-08-18,2.015754,3.4530773,3.1691686391830443,3.331601595878601
2024-08-19,2.3466756,3.4415348,3.1774096488952637,3.3345894217491145
2024-08-20,1.5451183,2.5653226,2.255850529670715,2.4553727269172665
2024-08-21,1.8954779,3.023874,2.532232594490051,2.588258481025696
2024-08-22,1.8876554,4.114444,3.5214502811431876,3.9679743170738218
2024-08-23,2.5763626,4.6568203,4.164075899124145,4.234760689735412
2024-08-24,2.4855206,4.099127,3.4911452770233153,3.8912753105163564
2024-08-25,0.16486199,0.4708834,0.35820677876472473,0.4139358177781104
2024-08-26,0.4866952,0.9619519,0.8226126432418822,0.8939955383539199
2024-08-27,3.147232,4.8663616,4.450669765472412,4.596840834617614
2024-08-28,3.8172245,5.463647,4.718179941177368,4.888991928100586
2024-08-29,2.1495278,5.0364943,3.378161716461181,4.310109746456145
2024-08-30,1.9268459,3.1173677,2.954421329498291,3.057658469676971
2024-08-31,2.3494232,3.4665644,2.981209397315979,3.3081366062164297
2024-09-01,0.29028228,0.5986646,0.48019363582134245,0.5353752523660659
2024-09-02,0.5477409,0.8434408,0.7192906260490417,0.7375489920377731
2024-09-03,0.26223794,0.68703216,0.5115002393722533,0.5740106105804443
2024-09-04,0.14049564,0.24351029,0.19038692116737366,0.1954382285475731
2024-09-05,0.19578107,0.33219162,0.2973169296979904,0.3075372472405434
2024-09-06,0.2834859,0.62859803,0.5386896431446074,0.5938757210969925
2024-09-07,1.5253553,2.8800917,2.4400726079940793,2.8176588058471674
2024-09-08,4.168965,5.1605988,4.701037502288818,4.9088953018188475
2024-09-09,2.7934358,3.454723,3.306032848358154,3.348392629623413
2024-09-10,1.2433374,1.9729137,1.8180415034294126,1.9279748201370237
2024-09-11,2.9213877,4.476695,3.684778618812561,3.866149258613586
2024-09-12,2.802705,4.0549173,3.4452197313308712,3.5983168363571165
2024-09-13,3.1241329,5.261336,3.893354296684265,3.911386954784393
2024-09-14,2.467162,4.1031604,3.427026319503784,3.733290231227874
2024-09-15,1.5358049,2.4056559,1.865167999267578,1.921342146396637
2024-09-16,0.1410927,0.4321687,0.3409508615732192,0.409320555627346
2024-09-17,1.338285,1.7870291,1.6650218725204466,1.7146686136722564
2024-09-18,1.1707511,1.8519849,1.8064748883247375,1.8401630520820618
2024-09-19,2.8529565,5.4824758,3.8851800918579102,4.135745632648468
2024-09-20,0.36898348,0.7869489,0.6839648008346557,0.7707692980766294
2024-09-21,0.20017068,0.5718745,0.5277612388134002,0.5665955722332
2024-09-22,0.9026237,2.4666107,1.3088382959365845,1.4915107071399685
2024-09-23,2.8484468,5.0249577,4.604660081863403,4.765309047698975
2024-09-24,0.7760143,1.4003673,1.1443558573722838,1.1984581470489502
2024-09-25,0.72295433,1.4304146,1.1729701519012452,1.330469852685928
2024-09-26,1.4459327,2.2824256,2.022524905204773,2.038900876045227
2024-09-27,2.1067624,5.252925,3.765936827659606,4.13945894241333
2024-09-28,1.5832443,2.0998716,1.9378647208213806,2.077113193273544
2024-09-29,0.92226154,1.5474586,1.4489986062049867,1.530716949701309
2024-09-30,1.5019623,2.797052,2.438574647903442,2.6199680328369137
2024-10-01,0.16379154,0.43209642,0.2667192369699478,0.28200075030326843
2024-10-02,1.7179023,3.2023408,2.9874607563018793,3.188571608066559
2024-10-03,1.7962195,2.708144,2.6497647285461428,2.673063027858734
2024-10-04,0.24501713,0.8124396,0.44658705592155457,0.7354780793189996
2024-10-05,0.4393705,1.192569,0.7621853649616241,0.8240895569324492
2024-10-06,0.029228814,0.14844723,0.10268017649650571,0.11774562299251556
2024-10-07,1.281496,2.6804805,1.928565227985382,1.9708841443061829
2024-10-08,1.3459239,2.652526,2.046387958526611,2.119441795349121
2024-10-09,0.07490566,0.18309802,0.1281730830669403,0.1478195190429687
2024-10-10,0.34101,0.8359585,0.5643610477447509,0.7910318911075587
2024-10-11,0.4218618,0.87855005,0.7486466228961943,0.810372245311737
2024-10-12,0.49969837,1.0403655,0.9702220559120178,1.0229774326086043
2024-10-13,0.7534879,1.3912841,0.9862684488296508,1.1860139369964595
2024-10-14,0.7944873,1.6261026,1.3787340998649593,1.550893896818161
2024-10-15,0.9297025,2.6515055,1.9717239379882807,2.417878854274749
2024-10-16,1.3032458,2.5412784,2.175368237495422,2.22778822183609
2024-10-17,0.4406302,0.99389184,0.8594185113906859,0.959029048681259
2024-10-18,0.4184383,0.9749264,0.5829599261283874,0.8242521524429316
2024-10-19,0.54570836,1.2910112,1.0441450178623197,1.2133333861827849
2024-10-20,0.55626357,1.6240518,0.9569905519485473,1.1405209898948665
2024-10-21,0.51658064,0.8507833,0.753774493932724,0.7819287478923796
2024-10-22,0.80397105,1.3301477,1.2036681175231934,1.242593252658844
2024-10-23,1.0375184,1.5037317,1.3585604906082154,1.418919116258621
2024-10-24,0.4987971,0.71786493,0.6816625714302063,0.7085120350122451
2024-10-25,0.37147307,1.259204,0.6653922975063324,0.7099806278944014
2024-10-26,0.8551342,1.4767386,1.0785412073135374,1.1917380154132842
2024-10-27,0.95265675,1.6294494,1.5275269389152526,1.5985573053359985
2024-10-28,2.1032293,2.9196143,2.706505489349365,2.8948260664939878
2024-10-29,1.5826496,3.0282586,2.161642742156982,2.3368807315826414
2024-10-30,0.045461267,0.2399832,0.07334947586059569,0.09009465575218198
2024-10-31,0.2876964,0.49440935,0.41925758123397827,0.4353402182459831
2024-11-01,0.7351499,1.4644966,1.2507624745368955,1.3829983770847318
2024-11-02,1.2800475,2.6516469,2.3386574029922484,2.4978634715080257
2024-11-03,2.130949,4.8210764,3.151261496543884,3.5039011240005484
2024-11-04,0.23905413,0.49704686,0.43823719024658203,0.4640586674213409
2024-11-05,2.2052393,3.2282503,3.1471651792526245,3.1813408970832824
2024-11-06,1.6455345,3.4143796,2.237446856498718,2.9302981138229356
2024-11-07,0.45118403,0.8807063,0.7250532507896421,0.8036612957715988
2024-11-08,2.9971733,4.529863,4.048674058914185,4.068707704544067
2024-11-09,3.1111858,4.0468946,3.7183730363845826,3.8237891197204585
2024-11-10,0.49940857,0.89158046,0.7499001920223235,0.8758289486169814
2024-11-11,0.33794618,0.5613506,0.539775937795639,0.5508493632078171
2024-11-12,0.6261491,1.1556671,1.0172254621982573,1.0900329411029814
2024-11-13,0.29999486,0.96438307,0.5191384464502334,0.7519464969635004
2024-11-14,0.32194683,0.6684117,0.5787290513515472,0.6424296855926513
2024-11-15,0.9194858,1.9456811,1.4902451038360596,1.5217933177947998
2024-11-16,1.6235987,2.3270278,2.1112258434295654,2.2754501581192015
2024-11-17,2.583546,4.021928,3.3300508737564085,3.3541884064674377
2024-11-18,1.834129,2.8588352,2.5699697494506837,2.6491031169891355
2024-11-19,1.2792494,2.514509,1.846238660812378,2.1245470106601707
2024-11-20,0.5157328,2.0491893,0.8307453155517577,0.9489424526691435
2024-11-21,0.27645832,0.63975114,0.3968653976917267,0.5121094971895215
2024-11-22,0.43807578,1.0645516,0.9001706004142759,1.0172181129455566
2024-11-23,0.0874986,0.35911724,0.17789527773857117,0.17898019403219223
2024-11-24,0.29708195,0.6107129,0.519002228975296,0.5369201302528381
2024-11-25,0.21908121,0.4950978,0.2986595034599304,0.302603617310524
2024-11-26,0.12577124,0.29301643,0.24738423526287076,0.2867478877305984
2024-11-27,0.15593801,0.4247576,0.34943297505378723,0.3842093050479888
2024-11-28,0.935258,1.4790126,1.3207270860671996,1.3670584619045256
2024-11-29,0.828523,2.845688,1.61394327878952,1.7191004514694215
2024-11-30,0.13926345,0.6779283,0.37504211068153376,0.42471848428249354
2024-12-01,0.71283835,1.2566149,1.2126736164093017,1.248505711555481
2024-12-02,3.3438213,4.334367,4.228221321105957,4.2892831563949585
2024-12-03,2.8656845,3.5979667,3.413119101524353,3.512000846862793
2024-12-04,1.8194395,2.3522425,2.121303367614746,2.2270271897315976
2024-12-05,0.3455533,0.6278597,0.5256216973066329,0.5874245852231978
2024-12-06,0.8091143,1.2505233,1.1556278705596923,1.1933319985866546
2024-12-07,2.5134847,4.2359657,3.8030560970306397,4.062145781517028
2024-12-08,1.4921535,2.1447167,1.8888546347618103,2.0638102054595944
2024-12-09,1.6781449,3.5966713,2.9476260900497437,3.4375744223594653
2024-12-10,0.2925991,0.7576488,0.7146515369415283,0.7280114024877548
2024-12-11,1.5044179,2.1057613,1.877134335041046,1.998474186658859
2024-12-12,1.4822525,2.1341248,1.8768479347229003,2.0955157518386835
2024-12-13,0.631062,0.8900538,0.783170759677887,0.8360099047422408
2024-12-14,1.9658717,3.5280943,2.545612263679504,2.93967945575714
2024-12-15,1.8099384,2.0850785,2.0292167186737062,2.0669971346855163
2024-12-16,1.6332687,2.100063,1.9884597420692443,2.047329235076904
2024-12-17,1.4249586,2.6414707,2.015601336956024,2.1991867184638973
2024-12-18,0.78393793,1.3095096,0.9452056646347046,1.069911307096481
2024-12-19,2.3098543,3.2801826,2.891118741035461,2.960031771659851
2024-12-20,2.1234334,4.7340584,3.5662177085876463,3.9602012872695918
2024-12-21,2.2662303,2.9485931,2.890730142593384,2.941004693508148
2024-12-22,3.017856,5.9754524,4.411943531036377,5.007130193710326
2024-12-23,0.2624596,0.6599724,0.46344883739948267,0.5151611074805259
2024-12-24,0.7162571,1.5673107,1.2685755133628844,1.3724399507045744
2024-12-25,1.151559,1.4196522,1.322166657447815,1.337179046869278
2024-12-26,0.102899976,0.31168336,0.20821227133274078,0.24785867333412162
2024-12-27,1.4297357,2.194333,1.9277959823608397,2.1072008132934568
2024-12-28,2.672613,3.3065379,2.9176780223846435,2.9398939967155457
2024-12-29,0.35715422,1.3160013,0.9446792423725127,1.0377527177333832
2024-12-30,1.3276011,2.4187393,2.1143410205841064,2.17283056974411
2024-12-31,1.49614,1.8817708,1.7386362552642822,1.7674266278743744
2025-01-01,1.5494539,2.2786746,2.0983030080795286,2.2477845072746274
2025-01-02,0.93244904,1.7525293,1.4921613216400147,1.6761515796184536
2025-01-03,1.144347,1.903101,1.6969188928604124,1.8300614953041077
2025-01-04,2.5384228,2.8686786,2.818249249458313,2.8343098163604736
2025-01-05,2.0648258,2.4296565,2.3059054136276242,2.353847622871399
2025-01-06,2.8937228,3.6545525,3.4940372943878173,3.539922797679901
2025-01-07,4.4479785,6.6990333,6.071270370483398,6.512680768966674
2025-01-08,0.05988857,0.0996992,0.08627250790596007,0.09572431445121764
2025-01-09,1.8432058,2.4471247,2.301605987548828,2.4264210820198056
2025-01-10,2.7710676,4.5224404,3.632054042816162,4.005344474315643
2025-01-11,2.8521135,3.8871686,3.552948522567749,3.660737323760986
2025-01-12,13.150699,20.809864,18.121051216125487,19.94967107772827
2025-01-13,8.516231,10.462435,10.11607904434204,10.401102685928343
2025-01-14,7.381803,9.618973,9.03077335357666,9.316079235076904
2025-01-15,2.217418,3.7864766,3.6489815950393676,3.68541476726532
2025-01-16,1.1433029,1.9147322,1.7193503975868223,1.8219052433967589
2025-01-17,2.032249,3.7665179,3.338688039779663,3.496965396404266
2025-01-18,1.0386076,2.4951944,1.8681750535964965,2.382483673095702
2025-01-19,2.3622978,2.894331,2.7938451290130617,2.8654594779014584
2025-01-20,1.3340081,2.976373,1.6727223753929137,1.7789620101451873
2025-01-21,1.8821317,2.7901905,2.4358373165130613,2.47328839302063
2025-01-22,3.4832017,5.1764984,4.664029502868653,4.799900865554809
2025-01-23,1.8186636,3.0711958,2.599981451034546,2.7395502686500546
2025-01-24,0.8027442,1.4461117,1.327641451358795,1.4027046024799346
2025-01-25,2.464934,3.1207318,2.854872488975525,2.908835196495056
2025-01-26,5.406409,8.404003,7.511609983444214,7.769496989250182
2025-01-27,7.059316,11.079679,10.088640594482422,10.466173028945922
2025-01-28,8.662745,14.321386,12.640130615234375,12.973244524002075
2025-01-29,2.9006207,3.5765395,3.3244965076446533,3.4179927110671997
2025-01-30,1.8135203,2.3217752,2.239019846916199,2.281292164325714
2025-01-31,0.1355658,0.3771767,0.22698342800140375,0.29361844062805165
2025-02-01,3.2411377,5.2061386,4.516893100738525,4.926218318939209
2025-02-02,1.9941516,7.7231374,4.0949239969253535,5.047341442108153
2025-02-03,4.2573423,5.7106147,5.419289255142212,5.47939019203186
2025-02-04,10.012669,12.844365,11.981300449371338,12.033556127548218
2025-02-05,16.535765,19.339554,18.2719783782959,18.733037185668945
2025-02-06,5.4622416,6.9923534,6.483322954177856,6.761686658859253
2025-02-07,1.7137293,2.5499642,2.348104214668274,2.5178436160087583
2025-02-08,1.3401443,1.769647,1.7200462698936463,1.7577667295932768
2025-02-09,2.1523776,3.4544764,3.0780272006988523,3.154070520401001
2025-02-10,0.8281296,1.130262,1.0790817856788635,1.119548624753952
2025-02-11,1.2290709,1.5996127,1.5644986867904662,1.589356905221939
2025-02-12,0.9529874,1.396469,1.20316823720932,1.2253234803676605
2025-02-13,1.3557545,2.7305915,2.5737287521362306,2.6838212132453916
2025-02-14,0.50929695,1.1669264,0.8356572687625885,0.8571918308734894
2025-02-15,2.2861395,3.8117177,3.2417967319488525,3.3041930198669434
2025-02-16,4.6670346,6.4609337,6.101727819442749,6.399985456466674
2025-02-17,2.4545043,5.144915,4.302789211273193,4.680149292945861
2025-02-18,0.9073103,1.6247928,1.439676868915558,1.5527235984802243
2025-02-19,1.9189628,3.362749,2.609233522415161,2.73743155002594
2025-02-20,0.59001756,2.1254108,1.6666371941566467,2.0547524094581595
2025-02-21,0.8287918,1.3500147,1.3161532640457154,1.3263946235179902
2025-02-22,1.7976643,3.224071,2.3293168067932126,2.3665507793426515
2025-02-23,2.3825939,3.1912801,3.0254508018493653,3.0564851999282836
2025-02-24,1.2449527,2.4210262,1.8377234935760498,1.909219080209732
2025-02-25,1.5629611,3.088196,2.0001340389251707,2.452302038669585
2025-02-26,0.97159344,1.6844826,1.4118703603744505,1.6393540441989896
2025-02-27,11.555558,14.410801,13.117291450500488,13.518789911270142
2025-02-28,6.6324787,8.757681,7.805678367614746,8.252783441543578
2025-03-01,3.906935,4.1938524,4.125876951217651,4.175580263137817
2025-03-02,5.858338,10.958615,8.18838472366333,9.626942348480222
2025-03-03,4.4802866,5.8111954,5.32190055847168,5.689001369476317
2025-03-04,2.8264606,4.734392,4.027711486816406,4.080280470848083
2025-03-05,1.0358858,2.0038145,1.9630544066429139,1.9910286605358123
2025-03-06,5.098664,6.3289037,6.132359552383423,6.242570972442627
2025-03-07,3.4072201,5.7879467,4.938583135604858,5.586805486679076
2025-03-08,2.324083,4.507803,3.874191784858703,4.412623143196106
2025-03-09,4.8089347,6.128105,5.535600852966309,5.9142328023910515
2025-03-10,1.209378,2.0709748,1.8307584166526794,1.9470273196697234
2025-03-11,1.7419673,2.2145936,2.180207300186157,2.209995079040527
2025-03-12,2.7919757,3.7097461,3.3218492746353148,3.4332711815834043
2025-03-13,2.1074545,3.2672465,2.6145341873168944,2.7359848022460938
2025-03-14,11.029742,15.898913,13.445377922058105,14.623252105712888
2025-03-15,6.6042533,8.316825,7.842822217941284,8.00243866443634
2025-03-16,8.399617,14.683241,11.539569187164304,13.041242313385009
2025-03-17,6.0371857,13.4707985,8.343556308746338,10.23093781471252
2025-03-18,1.3081492,1.7725698,1.576886510848999,1.6954739809036252
2025-03-19,3.1948469,5.5231605,5.0626569271087645,5.451383924484252
2025-03-20,1.166361,1.4258578,1.3805888414382934,1.4018860220909117
2025-03-21,0.9352488,1.2529163,1.1527567625045776,1.232603484392166
2025-03-22,0.8240113,1.2019268,1.0953597724437711,1.1616643011569976
2025-03-23,0.99655956,2.067356,1.2876362800598145,1.378114831447601
2025-03-24,0.2999263,0.5540252,0.49849033951759336,0.5250388324260711
2025-03-25,1.870293,2.4764054,2.298312497138977,2.412982094287872
2025-03-26,0.38394895,1.0480211,0.9165810048580169,1.0275468230247495
2025-03-27,4.0853195,5.9330044,5.148186445236206,5.2580170869827265
2025-03-28,3.0150785,4.766677,4.263450527191162,4.647643327713012
2025-03-29,1.2470988,2.4344752,2.1594500303268434,2.338138437271118
2025-03-30,1.4231516,1.828981,1.6950674533843995,1.7632313072681427
2025-03-31,0.9493441,1.6619406,1.3070606112480163,1.3974558651447295
2025-04-01,3.4080112,4.8798785,4.238903284072876,4.407842516899109
2025-04-02,6.0638275,8.4666815,7.242522048950195,7.568234181404113
2025-04-03,2.938226,3.596587,3.522351598739624,3.5729600191116333
2025-04-04,2.0249999,3.4514034,2.942403793334961,3.318974244594573
2025-04-05,2.0412118,3.0669525,2.4357889890670776,2.7765631675720206
2025-04-06,3.2783031,4.9302306,4.474151372909546,4.812947511672973
2025-04-07,1.05992,1.9636519,1.6157254695892334,1.6675145745277404
2025-04-08,1.3005723,2.784513,1.8108420848846436,2.1985980570316306
2025-04-09,2.2696707,3.465529,2.720592665672302,2.855640113353729
2025-04-10,2.0430164,3.7722545,3.2717265129089355,3.623680114746093
2025-04-11,3.9837608,5.3391924,4.9694843769073485,5.192092990875244
2025-04-12,3.0521612,4.6675014,4.148321104049683,4.460924744606017
2025-04-13,2.3344078,3.1923163,2.9439398050308228,2.963681972026825
2025-04-14,1.7729969,2.3385773,2.1219464540481567,2.195708644390106
2025-04-15,1.9310613,2.4180815,2.248028874397278,2.3010561943054197
2025-04-16,0.24820165,0.95011663,0.38630627095699305,0.44590681791305536
2025-04-17,0.54215866,1.6725395,1.103067696094513,1.171300661563873
2025-04-18,0.50746447,0.93509173,0.8730284690856933,0.8913617581129074
2025-04-19,1.5139132,2.3756857,1.897598361968994,2.054455232620239
2025-04-20,6.2723784,9.903488,9.098265647888184,9.579566192626952
2025-04-21,3.4765904,4.3610964,4.071459245681763,4.152319550514221
2025-04-22,1.0859593,2.5565503,1.452751851081848,1.6636817336082454
2025-04-23,0.53014153,1.3510249,0.991112196445465,1.1348843395709989
2025-04-24,2.6294153,3.7184021,3.3139330387115478,3.5866449475288387
2025-04-25,1.9476393,2.5714598,2.5575420379638674,2.561195945739746
2025-04-26,0.25963876,0.5339272,0.3888722717761992,0.45810435414314266
2025-04-27,0.58766407,2.5844545,0.9328079938888549,0.9977487802505491
2025-04-28,0.5587965,1.8287299,1.3027889251708984,1.4193578004837033
2025-04-29,0.30118492,0.762213,0.6764996886253356,0.696965679526329
2025-04-30,0.026615337,0.092700124,0.061827898025512695,0.07956847548484798
2025-05-01,0.5353188,1.845593,1.454630661010742,1.7380136132240291
2025-05-02,0.835092,1.3383918,1.2133162379264832,1.2470656752586364
2025-05-03,0.68598384,1.658015,1.3145952582359313,1.4025323927402495
2025-05-04,1.1876875,3.3738272,1.9345355272293085,2.3276380658149716
2025-05-05,2.0767734,2.5097163,2.4765465021133424,2.493364667892456
2025-05-06,2.8440154,3.8488252,3.642394185066223,3.7729665517807005
2025-05-07,1.004682,4.060471,3.0605286121368405,3.2396599888801574
2025-05-08,2.8961294,4.975774,3.9624137878417964,4.256247663497924
2025-05-09,2.4495993,3.7868648,3.3843856334686278,3.64557374715805
2025-05-10,2.0582788,3.148971,3.056239628791809,3.1123891472816467
2025-05-11,0.18485296,0.9085901,0.5038175731897354,0.5920682102441785
2025-05-12,0.29127613,0.79464996,0.4739031195640564,0.6758447766304011
2025-05-13,1.2288123,2.8146574,1.6517866134643555,2.0248036444187156
2025-05-14,4.737194,8.178778,7.324739742279052,7.8177734375
2025-05-15,20.087168,30.205921,26.67292251586914,27.331951808929443
2025-05-16,10.398629,14.258697,12.910140323638915,13.177620601654052
2025-05-17,5.5413804,10.219852,8.72998948097229,9.983120059967039
2025-05-18,11.7147875,20.698473,18.132768249511717,19.840540027618406
2025-05-19,7.5086136,15.316672,12.982074451446532,13.487856245040893
2025-05-20,15.677986,27.813057,23.747341728210447,26.228212738037104
2025-05-21,22.421143,32.55914,28.786502838134766,30.895143699645992
2025-05-22,2.2060773,3.390096,3.0443767309188843,3.109271025657654
2025-05-23,1.4864807,2.4688916,2.2080519914627073,2.3743655681610103
2025-05-24,4.5739293,6.7151175,6.032255029678344,6.433606791496277
2025-05-25,6.5762577,17.878872,8.52468852996826,8.923904514312744
2025-05-26,2.4752617,2.8503685,2.761210632324219,2.7875030636787415
2025-05-27,4.4848056,8.351718,7.127488279342652,8.03106105327606
2025-05-28,2.317912,5.6566453,3.7608312368392935,5.328112435340879
2025-05-29,1.9174808,3.1891017,2.9126509189605714,2.964047849178314
2025-05-30,2.4223747,3.4601018,2.9767424583435056,3.2387771487236017
2025-05-31,2.1351519,2.6735888,2.5328216791152953,2.5591108322143556
2025-06-01,2.757283,4.1230426,3.4165455818176267,3.71393722295761
2025-06-02,4.7271633,6.7313085,5.863887786865234,6.215385198593139
2025-06-03,4.542251,6.1614714,5.832451057434081,6.080325746536255
2025-06-04,4.486959,7.9205055,6.708275318145752,6.906323671340942
2025-06-05,3.2983494,5.4633913,4.680336761474609,5.334882235527037
2025-06-06,2.9021244,5.587213,3.859249401092529,4.420041072368621
2025-06-07,2.1926353,4.928903,3.4234560728073116,4.080337870121001
2025-06-08,2.449706,3.749916,3.4326076745986933,3.6471607089042664
2025-06-09,3.9948323,5.0165415,4.685632228851318,4.859111857414246
2025-06-10,2.1377225,4.5006714,3.144068884849548,3.4801321387290947
2025-06-11,1.0804116,1.7060636,1.5886418223381042,1.601890766620636
2025-06-12,1.6886301,2.9628477,2.5870620250701903,2.8977628231048578
2025-06-13,3.1207602,4.5806856,4.344533634185791,4.358361983299256
2025-06-14,6.103054,11.354118,9.665059375762938,11.045020055770872
2025-06-15,8.767467,18.979574,11.666239929199218,15.97803201675414
2025-06-16,0.81427956,3.165308,2.0581201553344726,2.597285926342009
2025-06-17,10.453162,17.741173,15.58718385696411,17.352523326873776
2025-06-18,5.4816895,7.6041956,6.805169534683228,7.233162426948546
2025-06-19,9.649494,16.477571,14.68163709640503,16.206196260452266
2025-06-20,10.213659,16.906258,16.231340885162354,16.638716220855713
2025-06-21,6.1378503,9.150626,8.099059820175171,8.685843086242675
2025-06-22,4.47986,7.019912,6.1999022483825685,6.2707360744476315
2025-06-23,2.915118,4.363702,4.043118596076965,4.3072590112686155
2025-06-24,2.6406505,3.9377534,3.5594695091247557,3.652687096595764
2025-06-25,3.29356,4.6742463,4.3337249755859375,4.497272658348083
2025-06-26,3.4886653,5.0231,4.466557407379151,4.709002804756164
2025-06-27,4.9707904,9.306408,7.890023279190063,8.108928632736205
2025-06-28,18.19243,26.829298,25.66263656616211,25.95149631500244
2025-06-29,7.8527427,11.597198,10.605272483825683,11.124723291397094
2025-06-30,3.5291827,5.1770225,4.8710010051727295,4.8832357168197635
2025-07-01,14.087436,34.887672,29.274867248535156,29.9863169670105
2025-07-02,15.373226,39.38209,22.58097152709961,32.08767509460447
2025-07-03,2.592617,3.7652843,3.2400487422943116,3.3897978782653806
2025-07-04,1.7214146,2.7033677,2.271140146255493,2.4129315972328182
2025-07-05,0.86045116,2.0431192,1.1304873585700987,1.2643661558628079
2025-07-06,0.8576548,1.9619747,1.7241805791854856,1.8619898974895477
2025-07-07,1.9051327,2.90947,2.706567287445068,2.8910413861274717
2025-07-08,2.7502668,4.8882093,4.54471833705902,4.858468651771545
2025-07-09,3.8707745,7.2902,6.004012966156005,6.678158164024352
2025-07-10,8.696243,13.374607,12.48247604370117,12.949344587326049
2025-07-11,5.05775,8.327651,7.372119331359863,8.186311888694762
2025-07-12,3.170305,5.022864,4.579681491851806,4.877167725563049
2025-07-13,3.1127949,6.2111597,5.115599822998046,6.000271463394164
2025-07-14,5.035133,8.805815,7.84437494277954,8.473165702819824
2025-07-15,2.9671834,6.3748655,4.057710456848144,4.963385319709776
2025-07-16,1.3138483,2.7016597,2.363991379737854,2.400618588924408
2025-07-17,1.0919758,2.0855284,1.82019544839859,1.9449849188327788
2025-07-18,0.5323239,1.736674,1.0662404537200927,1.56185004711151
2025-07-19,4.5044007,6.117498,5.565706729888916,6.029437708854674
2025-07-20,2.812114,3.9004471,3.604646897315979,3.7516773700714108
2025-07-21,0.559841,1.3697445,1.258985674381256,1.2937172651290894
2025-07-22,3.7438476,4.930526,4.617012310028076,4.897193813323974
2025-07-23,2.674101,4.1659355,3.5369114875793457,3.7309220314025873
2025-07-24,2.4915092,3.46116,3.270521831512451,3.3514285564422606
2025-07-25,1.5693336,2.276428,2.161504125595093,2.1658499956130983
2025-07-26,1.3336378,2.0252614,1.738185453414917,1.7886060714721679
2025-07-27,5.6701355,7.822994,7.380362462997436,7.628345036506652
2025-07-28,10.171651,16.839165,14.852796363830565,15.077560567855835
2025-07-29,4.6524177,5.710226,5.611558532714843,5.695501542091369
2025-07-30,1.4045153,2.297368,2.0775969982147218,2.16377876996994
2025-07-31,1.171383,2.2662592,1.4572378396987915,1.5167946338653564
2025-08-01,3.121478,3.8193307,3.580285358428955,3.633969736099243
2025-08-02,4.7637954,7.502374,6.480879354476928,6.9639257907867425
2025-08-03,10.218644,18.304264,15.502779960632324,17.277950668334956
2025-08-04,8.19025,13.634258,11.998693180084228,12.51461248397827
2025-08-05,6.0250974,9.860646,8.744115686416626,9.74814176559448
2025-08-06,1.6816362,5.2742176,2.435773468017578,3.1439675331115704
2025-08-07,1.1911908,2.179846,1.8623822093009945,2.089511209726333
2025-08-08,0.7173179,2.1425524,1.2469339847564698,1.308256709575653
2025-08-09,3.3507462,6.1222897,5.704819345474243,6.006399774551392
2025-08-10,0.45111147,0.8787192,0.701840204000473,0.7893243551254271
2025-08-11,2.4124904,3.2836645,3.042044830322266,3.059882974624634
2025-08-12,3.0025814,4.7753415,4.188652038574219,4.395563721656798
2025-08-13,1.2233406,2.180252,1.8974830150604247,1.9989515066146848
2025-08-14,3.900364,7.584208,6.360966205596924,7.040252065658568
2025-08-15,46.607285,74.4222,64.98743553161621,70.43961296081542
2025-08-16,12.077468,16.045353,14.534289455413818,15.485542869567869
2025-08-17,2.037481,2.8009133,2.589258861541748,2.733517754077911
2025-08-18,0.97692084,1.4737918,1.34516441822052,1.3778668165206909
2025-08-19,3.1475763,4.120725,3.9317205429077147,3.991683530807495
2025-08-20,2.6495044,4.8669457,4.175949716567993,4.583747029304504
2025-08-21,4.658383,7.630271,7.0555205821990965,7.330129241943359
2025-08-22,2.2899203,3.7047265,3.0289418935775756,3.0954492449760433
2025-08-23,2.8616202,4.0183716,3.6491502761840815,3.8416953086853027
2025-08-24,0.47835135,1.5421473,1.2400389313697815,1.4823840677738185
2025-08-25,3.695966,4.8622937,4.4532677173614506,4.622516727447509
2025-08-26,0.69535327,1.2535176,1.1029232740402222,1.1354297876358033
2025-08-27,1.5130099,2.190955,2.00606849193573,2.1044087052345275
2025-08-28,3.3858063,5.996931,4.641791725158692,4.748727250099182
2025-08-29,4.147715,9.36507,5.186279535293579,6.506929492950436
2025-08-30,4.575839,9.554133,7.676360702514648,8.257849407196044
2025-08-31,16.128809,30.423697,26.639112854003905,29.282117366790764
2025-09-01,1.449488,2.7719886,2.0386871576309202,2.181425678730011
2025-09-02,5.186568,7.0467277,6.515682220458984,6.772971868515014
2025-09-03,4.2630143,4.9908915,4.6665427684783936,4.857735013961792
2025-09-04,5.6226025,7.8642683,7.412116193771363,7.687016463279724
2025-09-05,6.015186,7.580206,7.483637952804566,7.50463445186615
2025-09-06,2.558006,3.793189,3.3646308183670044,3.415905845165253
2025-09-07,1.9366417,3.3114865,2.650602865219116,2.7221611022949217
2025-09-08,5.293342,7.773756,6.894372367858886,7.469420194625854
2025-09-09,2.714387,3.8524427,3.6748165130615233,3.6978534698486327
2025-09-10,0.425742,1.008071,0.5295351147651672,0.7400148838758464
2025-09-11,1.2058507,1.6228296,1.3889297604560853,1.5348073005676266
2025-09-12,0.57670945,2.011481,1.52404226064682,1.7707184374332423
2025-09-13,1.526001,2.581696,2.413191819190979,2.547472310066223
2025-09-14,1.191585,3.249072,1.9149947166442867,2.9902953624725317
2025-09-15,0.3727733,0.75401765,0.5986059606075287,0.6855514675378798
2025-09-16,0.19829224,0.35716966,0.3186717629432678,0.35073533654212946
2025-09-17,2.6133435,3.61897,3.5722986221313477,3.5959315657615663
2025-09-18,1.9855279,3.3656356,3.087428426742554,3.286272251605987
2025-09-19,2.7012064,3.6564593,3.413693046569824,3.5880125403404235
2025-09-20,0.7460151,2.0628376,1.6644061684608458,1.8202697932720182
2025-09-21,1.8089677,2.8888166,2.4874608039855954,2.8016181707382195
2025-09-22,2.0952997,3.6823957,2.7779013395309446,2.819479024410248
2025-09-23,1.2499639,2.3539588,2.0854339122772214,2.2583895325660706
2025-09-24,3.1955588,4.101217,3.896083855628967,3.9722200155258176
2025-09-25,1.9142627,2.6387477,2.518023157119751,2.5754871010780334
2025-09-26,1.3303312,3.468815,1.8346418142318726,2.079986667633056
2025-09-27,0.1175201,0.52048266,0.2679098397493362,0.46544407755136447
2025-09-28,0.30511498,0.89679575,0.6176373839378355,0.7957442224025724
2025-09-29,0.6997288,1.6112224,1.3351104736328125,1.5418354332447046
2025-09-30,5.727679,8.095431,7.3272816181182865,7.441308331489563
2025-10-01,5.878879,7.728845,6.894518136978149,7.194994091987609
2025-10-02,3.023,4.4264135,4.025961971282959,4.233067750930786
2025-10-03,1.6956466,3.2196999,2.08380753993988,2.7497740745544417
2025-10-04,0.29465547,0.6542221,0.5933832466602325,0.6449710577726364
2025-10-05,2.2202299,3.2282338,3.0111536264419554,3.0567445039749144
2025-10-06,0.3935351,0.791175,0.6833210587501525,0.7694818079471587
2025-10-07,0.09785407,0.5225539,0.30442625284194935,0.37469640374183644
2025-10-08,1.3090286,1.867701,1.7900577664375303,1.8381052553653716
2025-10-09,2.4415438,4.8895807,3.542922949790954,4.268914711475372
2025-10-10,1.2108097,2.7891657,2.4642402648925783,2.5667974114418026
2025-10-11,1.9630157,2.6239111,2.47608962059021,2.5806080102920532
2025-10-12,1.6482626,3.3118558,2.756738209724426,3.1216961026191705
2025-10-13,1.8094648,3.3711257,2.398854923248291,2.4565248250961305
2025-10-14,0.7378809,1.1490993,1.0013588070869446,1.0556558191776275
2025-10-15,1.3084341,1.603827,1.5611283659934998,1.5895000576972962
2025-10-16,0.39907995,1.5728146,0.6934240460395813,0.8055676519870756
2025-10-17,1.5255476,2.3601367,2.100335371494293,2.223871076107025
2025-10-18,1.2933673,1.5383765,1.463663935661316,1.4991556882858275
2025-10-19,0.102368176,0.20959973,0.15411972999572754,0.18488205969333643
2025-10-20,0.52578086,0.95559585,0.8260278046131133,0.901182398200035
2025-10-21,2.091701,2.5693216,2.5093236207962035,2.5467504501342773
2025-10-22,0.7194796,1.4075687,1.1959227681159972,1.2936884224414824
2025-10-23,3.0805938,4.728927,3.641324043273926,3.8969829678535457
2025-10-24,3.2506168,4.737058,4.383990621566772,4.6616371154785154
2025-10-25,2.0733836,3.498943,3.1629279613494874,3.4301224470138543
2025-10-26,1.0945157,2.7669616,2.128929543495178,2.2594095587730405
2025-10-27,2.2699397,2.979479,2.712755012512207,2.804247689247131
2025-10-28,2.965553,3.567822,3.4928427219390867,3.547692799568176
2025-10-29,1.824823,3.1685376,3.0235463619232177,3.072413516044617
2025-10-30,3.0254238,5.7415614,4.941276121139526,5.238020062446593
2025-10-31,0.13227667,0.22488832,0.18962174654006955,0.21037124097347257
2025-11-01,0.6018326,1.1724076,0.7718339562416077,0.937125831842422
2025-11-02,0.61274856,1.3672657,0.7781315505504608,0.8546160787343977
2025-11-03,0.5585589,0.9397753,0.6983302533626556,0.8844146251678463
2025-11-04,0.34477392,0.7097639,0.6113056480884551,0.6777746647596359
2025-11-05,0.24861205,0.6119173,0.5432579666376113,0.5911211311817169
2025-11-06,0.27849433,0.57435334,0.5088759303092956,0.5665973126888274
2025-11-07,0.3002407,1.148291,0.5274947941303253,0.5480242937803268
2025-11-08,0.09062302,0.29859096,0.17335116863250732,0.27115456759929635
2025-11-09,0.25149488,0.5896635,0.41622740030288696,0.42265035957098007
2025-11-10,0.4880173,0.6752633,0.6400901734828949,0.6665408611297607
2025-11-11,2.2212293,3.8936276,3.4593203544616697,3.511329400539398
2025-11-12,0.38953504,1.0024228,0.895094883441925,0.9771328210830686
2025-11-13,2.6894429,3.950752,3.4970963716506955,3.853410780429839
2025-11-14,4.192896,8.533862,6.306775712966918,6.654800462722778
2025-11-15,1.3686109,2.591548,1.8334616065025329,2.115107810497283
2025-11-16,0.15607128,0.29946342,0.2541523426771164,0.2687971293926239
2025-11-17,0.09177435,0.2268359,0.1781144738197326,0.20149219781160355
2025-11-18,0.56357116,1.1682894,1.0275104045867918,1.1337714493274689
2025-11-19,0.24331339,0.44626892,0.3378748893737793,0.3881653770804404
2025-11-20,0.108466774,0.25628555,0.16250282526016233,0.18860854208469385
2025-11-21,1.1072649,1.9232513,1.7408087015151974,1.9120126783847808
2025-11-22,1.9936787,2.5605528,2.37012038230896,2.5282218813896176
2025-11-23,0.5850766,1.6667619,1.2925154924392694,1.5900116026401518
2025-11-24,0.37338117,0.59983134,0.5466815292835235,0.5905933976173401
2025-11-25,1.5236073,2.5440207,2.2347161054611204,2.4246739029884337
2025-11-26,1.217349,1.5646815,1.384475827217102,1.456806969642639
2025-11-27,0.43055582,1.194339,0.7620004594326019,1.0398669660091393
2025-11-28,2.1172466,2.6130056,2.4268584966659548,2.4514576196670532
2025-11-29,1.5759147,5.347139,2.9096018791198723,3.8585226416587814
2025-11-30,0.054492924,0.17047673,0.10738447308540344,0.12162327766418454
2025-12-01,0.05870685,0.09613857,0.07458701729774475,0.08923839777708051
2025-12-02,1.7765545,2.5992942,2.1860687732696533,2.4400995016098017
2025-12-03,1.8994852,2.3798451,2.277337622642517,2.3402751326560973
2025-12-04,2.3117511,4.1133876,3.511194896697998,3.7042112469673154
2025-12-05,0.5678761,1.1725091,0.9431436479091644,1.0729083538055417
2025-12-06,1.8858446,3.1930432,2.6867099046707152,2.7671464681625366
2025-12-07,0.400811,0.8911259,0.7334284782409667,0.8717844307422636
2025-12-08,1.4006039,3.0952768,2.7026206254959106,3.0081995844840996
2025-12-09,1.7646376,3.1505377,2.798455286026001,2.9420619964599606
2025-12-10,1.333023,1.838538,1.7134491443634032,1.7848484218120573
2025-12-11,0.27700374,0.43953955,0.35799331963062286,0.3739506006240844
2025-12-12,0.44525743,0.75690746,0.6632134199142454,0.7443511307239532
2025-12-13,2.0221589,3.8494883,3.052682328224182,3.37326009273529
2025-12-14,0.12411534,0.20035636,0.19102946072816848,0.1985202483832836
2025-12-15,0.9494405,1.8439088,1.5127221941947935,1.589718586206436
2025-12-16,1.2243356,1.5274622,1.401067864894867,1.416677439212799
2025-12-17,0.3167476,1.0224483,0.7595870733261108,0.8067067712545395
2025-12-18,0.08207185,0.24152675,0.2079702913761138,0.2395353928208351
2025-12-19,1.2339517,1.9707934,1.3913474321365356,1.547316443920135
2025-12-20,1.6593162,2.5890753,2.1548577547073364,2.1937756896018983
2025-12-21,1.5266365,3.2632067,2.971953201293945,3.1117570519447324
2025-12-22,2.8628857,4.0267496,3.7321815967559813,3.89339781999588
2025-12-23,3.8145163,6.3296065,5.321728610992431,5.8185096025466905
2025-12-24,2.2579277,4.104804,3.5489271402359006,3.8613389492034904
2025-12-25,1.1025959,3.2485821,1.7783366441726685,1.9122047841548917
2025-12-26,0.9826281,1.6583927,1.5785940170288084,1.6397643327713012
2025-12-27,0.74505657,2.183102,1.4761021137237549,1.9024129748344412
2025-12-28,2.8356895,5.5488195,4.227116012573242,5.159625124931333
2025-12-29,1.3695132,2.1117733,1.792031478881836,2.01363359093666
2025-12-30,0.31777826,0.6965722,0.6276772916316985,0.6644822031259536
2025-12-31,3.1612043,5.987258,5.18854341506958,5.324665331840515
